{"v":"5.8.1","fr":24,"ip":0,"op":146,"w":392,"h":516,"nm":"Scene 33","ddd":0,"assets":[{"id":"comp_0","nm":"Ch_02","fr":24,"layers":[{"ddd":0,"ind":1,"ty":4,"nm":"eye_04","parent":3,"sr":1,"ks":{},"ao":0,"shapes":[{"ty":"gr","it":[{"ty":"gr","it":[{"ind":0,"ty":"sh","ks":{"a":0,"k":{"i":[[1.995,0.356],[2.445,-8.288],[-9.397,-0.585]],"o":[[-3.937,-0.703],[0,0],[0,0]],"v":[[730.836,-124.397],[710.935,-115.769],[730.627,-120.046]],"c":true}},"nm":"Path 1","hd":false},{"ty":"fl","c":{"a":0,"k":[0.203921571374,0.145098045468,0.090196080506,1]},"o":{"a":0,"k":100},"r":1,"bm":0,"nm":"Fill 1","hd":false},{"ty":"tr","p":{"a":0,"k":[0,0]},"a":{"a":0,"k":[0,0]},"s":{"a":0,"k":[100,100]},"r":{"a":0,"k":0},"o":{"a":0,"k":100},"sk":{"a":0,"k":0},"sa":{"a":0,"k":0},"nm":"Transform"}],"nm":"Group 1","bm":0,"hd":false},{"ty":"gr","it":[{"ind":0,"ty":"sh","ks":{"a":0,"k":{"i":[[-1.94,-0.603],[1.435,-8.42],[8.659,3.802]],"o":[[3.828,1.19],[0,0],[0,0]],"v":[[769.67,-121.241],[783.697,-104.502],[767.956,-117.314]],"c":true}},"nm":"Path 1","hd":false},{"ty":"fl","c":{"a":0,"k":[0.203921571374,0.145098045468,0.090196080506,1]},"o":{"a":0,"k":100},"r":1,"bm":0,"nm":"Fill 1","hd":false},{"ty":"tr","p":{"a":0,"k":[0,0]},"a":{"a":0,"k":[0,0]},"s":{"a":0,"k":[100,100]},"r":{"a":0,"k":0},"o":{"a":0,"k":100},"sk":{"a":0,"k":0},"sa":{"a":0,"k":0},"nm":"Transform"}],"nm":"Group 2","bm":0,"hd":false},{"ty":"tr","p":{"a":1,"k":[{"i":{"x":0.833,"y":0.833},"o":{"x":0.167,"y":0.167},"t":0,"s":[747.377,-117.79],"to":[0,0.542],"ti":[0,0]},{"i":{"x":0.833,"y":0.833},"o":{"x":0.167,"y":0.167},"t":6,"s":[747.377,-114.54],"to":[0,0],"ti":[0,0.542]},{"i":{"x":0.833,"y":0.833},"o":{"x":0.167,"y":0.167},"t":12,"s":[747.377,-117.79],"to":[0,0],"ti":[0,0]},{"i":{"x":0.833,"y":0.833},"o":{"x":0.167,"y":0.167},"t":56,"s":[747.377,-117.79],"to":[0,0.542],"ti":[0,0]},{"i":{"x":0.833,"y":0.833},"o":{"x":0.167,"y":0.167},"t":62,"s":[747.377,-114.54],"to":[0,0],"ti":[0,0.542]},{"i":{"x":0.833,"y":0.833},"o":{"x":0.167,"y":0.167},"t":68,"s":[747.377,-117.79],"to":[0,0],"ti":[0,0]},{"i":{"x":0.833,"y":0.833},"o":{"x":0.167,"y":0.167},"t":115,"s":[747.377,-117.79],"to":[0,0.542],"ti":[0,0]},{"i":{"x":0.833,"y":0.833},"o":{"x":0.167,"y":0.167},"t":121,"s":[747.377,-114.54],"to":[0,0],"ti":[0,0.542]},{"t":127,"s":[747.377,-117.79]}]},"a":{"a":0,"k":[747.377,-114.54]},"s":{"a":0,"k":[100,100]},"r":{"a":0,"k":0},"o":{"a":0,"k":100},"sk":{"a":0,"k":0},"sa":{"a":0,"k":0},"nm":"Transform"}],"nm":"Group 5","bm":0,"hd":false},{"ty":"gr","it":[{"ty":"gr","it":[{"ty":"gr","it":[{"ind":0,"ty":"sh","ks":{"a":1,"k":[{"i":{"x":0.833,"y":0.833},"o":{"x":0.167,"y":0.167},"t":0,"s":[{"i":[[2.931,-6.303],[-9.633,-3.089],[-0.024,-0.039],[6.239,1.871]],"o":[[-0.054,-0.078],[10.263,3.291],[1.798,-6.715],[-6.239,-1.871]],"v":[[709.991,-105.11],[725.049,-113.666],[732.586,-98.336],[724.904,-113.779]],"c":true}]},{"i":{"x":0.833,"y":0.833},"o":{"x":0.167,"y":0.167},"t":6,"s":[{"i":[[1.996,-6.658],[-6.239,-1.871],[-1.996,6.658],[6.239,1.871]],"o":[[-1.996,6.658],[6.239,1.871],[1.996,-6.658],[-6.239,-1.871]],"v":[[709.991,-105.11],[717.674,-89.666],[732.586,-98.336],[724.904,-113.779]],"c":true}]},{"i":{"x":0.833,"y":0.833},"o":{"x":0.167,"y":0.167},"t":12,"s":[{"i":[[2.931,-6.303],[-9.633,-3.089],[-0.024,-0.039],[6.239,1.871]],"o":[[-0.054,-0.078],[10.263,3.291],[1.798,-6.715],[-6.239,-1.871]],"v":[[709.991,-105.11],[725.049,-113.666],[732.586,-98.336],[724.904,-113.779]],"c":true}]},{"i":{"x":0.833,"y":0.833},"o":{"x":0.167,"y":0.167},"t":56,"s":[{"i":[[2.931,-6.303],[-9.633,-3.089],[-0.024,-0.039],[6.239,1.871]],"o":[[-0.054,-0.078],[10.263,3.291],[1.798,-6.715],[-6.239,-1.871]],"v":[[709.991,-105.11],[725.049,-113.666],[732.586,-98.336],[724.904,-113.779]],"c":true}]},{"i":{"x":0.833,"y":0.833},"o":{"x":0.167,"y":0.167},"t":62,"s":[{"i":[[1.996,-6.658],[-6.239,-1.871],[-1.996,6.658],[6.239,1.871]],"o":[[-1.996,6.658],[6.239,1.871],[1.996,-6.658],[-6.239,-1.871]],"v":[[709.991,-105.11],[717.674,-89.666],[732.586,-98.336],[724.904,-113.779]],"c":true}]},{"i":{"x":0.833,"y":0.833},"o":{"x":0.167,"y":0.167},"t":68,"s":[{"i":[[2.931,-6.303],[-9.633,-3.089],[-0.024,-0.039],[6.239,1.871]],"o":[[-0.054,-0.078],[10.263,3.291],[1.798,-6.715],[-6.239,-1.871]],"v":[[709.991,-105.11],[725.049,-113.666],[732.586,-98.336],[724.904,-113.779]],"c":true}]},{"i":{"x":0.833,"y":0.833},"o":{"x":0.167,"y":0.167},"t":115,"s":[{"i":[[2.931,-6.303],[-9.633,-3.089],[-0.024,-0.039],[6.239,1.871]],"o":[[-0.054,-0.078],[10.263,3.291],[1.798,-6.715],[-6.239,-1.871]],"v":[[709.991,-105.11],[725.049,-113.666],[732.586,-98.336],[724.904,-113.779]],"c":true}]},{"i":{"x":0.833,"y":0.833},"o":{"x":0.167,"y":0.167},"t":121,"s":[{"i":[[1.996,-6.658],[-6.239,-1.871],[-1.996,6.658],[6.239,1.871]],"o":[[-1.996,6.658],[6.239,1.871],[1.996,-6.658],[-6.239,-1.871]],"v":[[709.991,-105.11],[717.674,-89.666],[732.586,-98.336],[724.904,-113.779]],"c":true}]},{"t":127,"s":[{"i":[[2.931,-6.303],[-9.633,-3.089],[-0.024,-0.039],[6.239,1.871]],"o":[[-0.054,-0.078],[10.263,3.291],[1.798,-6.715],[-6.239,-1.871]],"v":[[709.991,-105.11],[725.049,-113.666],[732.586,-98.336],[724.904,-113.779]],"c":true}]}]},"nm":"Path 1","hd":false},{"ty":"fl","c":{"a":0,"k":[0.980392158031,0.823529422283,0.776470601559,1]},"o":{"a":0,"k":100},"r":1,"bm":0,"nm":"Fill 1","hd":false},{"ty":"tr","p":{"a":0,"k":[0,0]},"a":{"a":0,"k":[0,0]},"s":{"a":0,"k":[100,100]},"r":{"a":0,"k":0},"o":{"a":0,"k":100},"sk":{"a":0,"k":0},"sa":{"a":0,"k":0},"nm":"Transform"}],"nm":"Group 1","bm":0,"hd":false},{"ty":"tr","p":{"a":0,"k":[0,0]},"a":{"a":0,"k":[0,0]},"s":{"a":0,"k":[100,100]},"r":{"a":0,"k":0},"o":{"a":0,"k":100},"sk":{"a":0,"k":0},"sa":{"a":0,"k":0},"nm":"Transform"}],"nm":"Group 1","bm":0,"hd":false},{"ty":"tr","p":{"a":0,"k":[0,0]},"a":{"a":0,"k":[0,0]},"s":{"a":0,"k":[100,100]},"r":{"a":0,"k":0},"o":{"a":0,"k":100},"sk":{"a":0,"k":0},"sa":{"a":0,"k":0},"nm":"Transform"}],"nm":"Group 3","bm":0,"hd":false},{"ty":"gr","it":[{"ty":"gr","it":[{"ty":"gr","it":[{"ind":0,"ty":"sh","ks":{"a":1,"k":[{"i":{"x":0.833,"y":0.833},"o":{"x":0.167,"y":0.167},"t":0,"s":[{"i":[[1.754,-6.726],[-9.872,-3.863],[-0.159,-0.194],[7.023,1.625]],"o":[[-0.189,-0.295],[10.172,3.98],[1.037,-6.874],[-6.346,-1.468]],"v":[[757.439,-99.705],[772.872,-108.262],[780.034,-92.931],[772.352,-108.375]],"c":true}]},{"i":{"x":0.833,"y":0.833},"o":{"x":0.167,"y":0.167},"t":6,"s":[{"i":[[1.996,-6.658],[-6.239,-1.871],[-1.996,6.658],[6.239,1.871]],"o":[[-1.996,6.658],[6.239,1.871],[1.996,-6.658],[-6.239,-1.871]],"v":[[757.439,-99.705],[765.122,-84.262],[780.034,-92.931],[772.352,-108.375]],"c":true}]},{"i":{"x":0.833,"y":0.833},"o":{"x":0.167,"y":0.167},"t":12,"s":[{"i":[[1.754,-6.726],[-9.872,-3.863],[-0.159,-0.194],[7.023,1.625]],"o":[[-0.189,-0.295],[10.172,3.98],[1.037,-6.874],[-6.346,-1.468]],"v":[[757.439,-99.705],[772.872,-108.262],[780.034,-92.931],[772.352,-108.375]],"c":true}]},{"i":{"x":0.833,"y":0.833},"o":{"x":0.167,"y":0.167},"t":56,"s":[{"i":[[1.754,-6.726],[-9.872,-3.863],[-0.159,-0.194],[7.023,1.625]],"o":[[-0.189,-0.295],[10.172,3.98],[1.037,-6.874],[-6.346,-1.468]],"v":[[757.439,-99.705],[772.872,-108.262],[780.034,-92.931],[772.352,-108.375]],"c":true}]},{"i":{"x":0.833,"y":0.833},"o":{"x":0.167,"y":0.167},"t":62,"s":[{"i":[[1.996,-6.658],[-6.239,-1.871],[-1.996,6.658],[6.239,1.871]],"o":[[-1.996,6.658],[6.239,1.871],[1.996,-6.658],[-6.239,-1.871]],"v":[[757.439,-99.705],[765.122,-84.262],[780.034,-92.931],[772.352,-108.375]],"c":true}]},{"i":{"x":0.833,"y":0.833},"o":{"x":0.167,"y":0.167},"t":68,"s":[{"i":[[1.754,-6.726],[-9.872,-3.863],[-0.159,-0.194],[7.023,1.625]],"o":[[-0.189,-0.295],[10.172,3.98],[1.037,-6.874],[-6.346,-1.468]],"v":[[757.439,-99.705],[772.872,-108.262],[780.034,-92.931],[772.352,-108.375]],"c":true}]},{"i":{"x":0.833,"y":0.833},"o":{"x":0.167,"y":0.167},"t":115,"s":[{"i":[[1.754,-6.726],[-9.872,-3.863],[-0.159,-0.194],[7.023,1.625]],"o":[[-0.189,-0.295],[10.172,3.98],[1.037,-6.874],[-6.346,-1.468]],"v":[[757.439,-99.705],[772.872,-108.262],[780.034,-92.931],[772.352,-108.375]],"c":true}]},{"i":{"x":0.833,"y":0.833},"o":{"x":0.167,"y":0.167},"t":121,"s":[{"i":[[1.996,-6.658],[-6.239,-1.871],[-1.996,6.658],[6.239,1.871]],"o":[[-1.996,6.658],[6.239,1.871],[1.996,-6.658],[-6.239,-1.871]],"v":[[757.439,-99.705],[765.122,-84.262],[780.034,-92.931],[772.352,-108.375]],"c":true}]},{"t":127,"s":[{"i":[[1.754,-6.726],[-9.872,-3.863],[-0.159,-0.194],[7.023,1.625]],"o":[[-0.189,-0.295],[10.172,3.98],[1.037,-6.874],[-6.346,-1.468]],"v":[[757.439,-99.705],[772.872,-108.262],[780.034,-92.931],[772.352,-108.375]],"c":true}]}]},"nm":"Path 1","hd":false},{"ty":"fl","c":{"a":0,"k":[0.980392158031,0.823529422283,0.776470601559,1]},"o":{"a":0,"k":100},"r":1,"bm":0,"nm":"Fill 1","hd":false},{"ty":"tr","p":{"a":0,"k":[0,0]},"a":{"a":0,"k":[0,0]},"s":{"a":0,"k":[100,100]},"r":{"a":0,"k":0},"o":{"a":0,"k":100},"sk":{"a":0,"k":0},"sa":{"a":0,"k":0},"nm":"Transform"}],"nm":"Group 1","bm":0,"hd":false},{"ty":"tr","p":{"a":0,"k":[0,0]},"a":{"a":0,"k":[0,0]},"s":{"a":0,"k":[100,100]},"r":{"a":0,"k":0},"o":{"a":0,"k":100},"sk":{"a":0,"k":0},"sa":{"a":0,"k":0},"nm":"Transform"}],"nm":"Group 1","bm":0,"hd":false},{"ty":"tr","p":{"a":0,"k":[0,0]},"a":{"a":0,"k":[0,0]},"s":{"a":0,"k":[100,100]},"r":{"a":0,"k":0},"o":{"a":0,"k":100},"sk":{"a":0,"k":0},"sa":{"a":0,"k":0},"nm":"Transform"}],"nm":"Group 4","bm":0,"hd":false}],"ip":0,"op":6000,"st":0,"bm":0},{"ddd":0,"ind":2,"ty":4,"nm":"eye_01","parent":3,"sr":1,"ks":{},"ao":0,"shapes":[{"ty":"gr","it":[{"ty":"gr","it":[{"ty":"gr","it":[{"ind":0,"ty":"sh","ks":{"a":0,"k":{"i":[[0.348,-1.162],[-1.089,-0.327],[-0.348,1.162],[1.089,0.327]],"o":[[-0.348,1.162],[1.089,0.327],[0.348,-1.162],[-1.089,-0.327]],"v":[[720.931,-99.805],[722.272,-97.109],[724.875,-98.622],[723.534,-101.318]],"c":true}},"nm":"Path 1","hd":false},{"ty":"fl","c":{"a":0,"k":[1,1,1,1]},"o":{"a":0,"k":100},"r":1,"bm":0,"nm":"Fill 1","hd":false},{"ty":"tr","p":{"a":0,"k":[0,0]},"a":{"a":0,"k":[0,0]},"s":{"a":0,"k":[100,100]},"r":{"a":0,"k":0},"o":{"a":0,"k":100},"sk":{"a":0,"k":0},"sa":{"a":0,"k":0},"nm":"Transform"}],"nm":"Group 1","bm":0,"hd":false},{"ty":"gr","it":[{"ind":0,"ty":"sh","ks":{"a":0,"k":{"i":[[0.348,-1.162],[-1.089,-0.327],[-0.348,1.162],[1.089,0.327]],"o":[[-0.348,1.162],[1.089,0.327],[0.348,-1.162],[-1.089,-0.327]],"v":[[725.738,-101.5],[727.079,-98.805],[729.682,-100.318],[728.341,-103.013]],"c":true}},"nm":"Path 1","hd":false},{"ty":"fl","c":{"a":0,"k":[1,1,1,1]},"o":{"a":0,"k":100},"r":1,"bm":0,"nm":"Fill 1","hd":false},{"ty":"tr","p":{"a":0,"k":[0,0]},"a":{"a":0,"k":[0,0]},"s":{"a":0,"k":[100,100]},"r":{"a":0,"k":0},"o":{"a":0,"k":100},"sk":{"a":0,"k":0},"sa":{"a":0,"k":0},"nm":"Transform"}],"nm":"Group 2","bm":0,"hd":false},{"ty":"gr","it":[{"ind":0,"ty":"sh","ks":{"a":0,"k":{"i":[[1.159,-3.865],[-3.621,-1.086],[-1.159,3.865],[3.621,1.086]],"o":[[-1.159,3.865],[3.621,1.086],[1.159,-3.865],[-3.621,-1.086]],"v":[[710.962,-101.228],[715.421,-92.265],[724.077,-97.296],[719.617,-106.26]],"c":true}},"nm":"Path 1","hd":false},{"ty":"fl","c":{"a":0,"k":[0.176470592618,0.168627455831,0.129411771894,1]},"o":{"a":0,"k":100},"r":1,"bm":0,"nm":"Fill 1","hd":false},{"ty":"tr","p":{"a":0,"k":[0,0]},"a":{"a":0,"k":[0,0]},"s":{"a":0,"k":[100,100]},"r":{"a":0,"k":0},"o":{"a":0,"k":100},"sk":{"a":0,"k":0},"sa":{"a":0,"k":0},"nm":"Transform"}],"nm":"Group 3","bm":0,"hd":false},{"ty":"gr","it":[{"ind":0,"ty":"sh","ks":{"a":0,"k":{"i":[[1.996,-6.658],[-6.239,-1.871],[-1.996,6.658],[6.239,1.871]],"o":[[-1.996,6.658],[6.239,1.871],[1.996,-6.658],[-6.239,-1.871]],"v":[[709.991,-105.11],[717.674,-89.666],[732.586,-98.336],[724.904,-113.779]],"c":true}},"nm":"Path 1","hd":false},{"ty":"st","c":{"a":0,"k":[0.239215686917,0.180392161012,0.0941176489,1]},"o":{"a":0,"k":100},"w":{"a":0,"k":0.75},"lc":1,"lj":1,"ml":10,"bm":0,"nm":"Stroke 1","hd":false},{"ty":"fl","c":{"a":0,"k":[1,1,1,1]},"o":{"a":0,"k":100},"r":1,"bm":0,"nm":"Fill 1","hd":false},{"ty":"tr","p":{"a":0,"k":[0,0]},"a":{"a":0,"k":[0,0]},"s":{"a":0,"k":[100,100]},"r":{"a":0,"k":0},"o":{"a":0,"k":100},"sk":{"a":0,"k":0},"sa":{"a":0,"k":0},"nm":"Transform"}],"nm":"Group 4","bm":0,"hd":false},{"ty":"tr","p":{"a":0,"k":[0,0]},"a":{"a":0,"k":[0,0]},"s":{"a":0,"k":[100,100]},"r":{"a":0,"k":0},"o":{"a":0,"k":100},"sk":{"a":0,"k":0},"sa":{"a":0,"k":0},"nm":"Transform"}],"nm":"Group 1","bm":0,"hd":false},{"ty":"tr","p":{"a":0,"k":[0,0]},"a":{"a":0,"k":[0,0]},"s":{"a":0,"k":[100,100]},"r":{"a":0,"k":0},"o":{"a":0,"k":100},"sk":{"a":0,"k":0},"sa":{"a":0,"k":0},"nm":"Transform"}],"nm":"Group 3","bm":0,"hd":false},{"ty":"gr","it":[{"ty":"gr","it":[{"ty":"gr","it":[{"ind":0,"ty":"sh","ks":{"a":0,"k":{"i":[[0.348,-1.162],[-1.089,-0.327],[-0.348,1.162],[1.089,0.327]],"o":[[-0.348,1.162],[1.089,0.327],[0.348,-1.162],[-1.089,-0.327]],"v":[[767.897,-95.187],[769.238,-92.491],[771.84,-94.004],[770.499,-96.7]],"c":true}},"nm":"Path 1","hd":false},{"ty":"fl","c":{"a":0,"k":[1,1,1,1]},"o":{"a":0,"k":100},"r":1,"bm":0,"nm":"Fill 1","hd":false},{"ty":"tr","p":{"a":0,"k":[0,0]},"a":{"a":0,"k":[0,0]},"s":{"a":0,"k":[100,100]},"r":{"a":0,"k":0},"o":{"a":0,"k":100},"sk":{"a":0,"k":0},"sa":{"a":0,"k":0},"nm":"Transform"}],"nm":"Group 1","bm":0,"hd":false},{"ty":"gr","it":[{"ind":0,"ty":"sh","ks":{"a":0,"k":{"i":[[1.159,-3.865],[-3.621,-1.086],[-1.159,3.865],[3.621,1.086]],"o":[[-1.159,3.865],[3.621,1.086],[1.159,-3.865],[-3.621,-1.086]],"v":[[757.981,-96.869],[762.44,-87.906],[771.096,-92.937],[766.636,-101.901]],"c":true}},"nm":"Path 1","hd":false},{"ty":"fl","c":{"a":0,"k":[0.176470592618,0.168627455831,0.129411771894,1]},"o":{"a":0,"k":100},"r":1,"bm":0,"nm":"Fill 1","hd":false},{"ty":"tr","p":{"a":0,"k":[0,0]},"a":{"a":0,"k":[0,0]},"s":{"a":0,"k":[100,100]},"r":{"a":0,"k":0},"o":{"a":0,"k":100},"sk":{"a":0,"k":0},"sa":{"a":0,"k":0},"nm":"Transform"}],"nm":"Group 2","bm":0,"hd":false},{"ty":"gr","it":[{"ind":0,"ty":"sh","ks":{"a":0,"k":{"i":[[1.996,-6.658],[-6.239,-1.871],[-1.996,6.658],[6.239,1.871]],"o":[[-1.996,6.658],[6.239,1.871],[1.996,-6.658],[-6.239,-1.871]],"v":[[757.439,-99.705],[765.122,-84.262],[780.034,-92.931],[772.352,-108.375]],"c":true}},"nm":"Path 1","hd":false},{"ty":"st","c":{"a":0,"k":[0.239215686917,0.180392161012,0.0941176489,1]},"o":{"a":0,"k":100},"w":{"a":0,"k":0.75},"lc":1,"lj":1,"ml":10,"bm":0,"nm":"Stroke 1","hd":false},{"ty":"fl","c":{"a":0,"k":[1,1,1,1]},"o":{"a":0,"k":100},"r":1,"bm":0,"nm":"Fill 1","hd":false},{"ty":"tr","p":{"a":0,"k":[0,0]},"a":{"a":0,"k":[0,0]},"s":{"a":0,"k":[100,100]},"r":{"a":0,"k":0},"o":{"a":0,"k":100},"sk":{"a":0,"k":0},"sa":{"a":0,"k":0},"nm":"Transform"}],"nm":"Group 3","bm":0,"hd":false},{"ty":"tr","p":{"a":0,"k":[0,0]},"a":{"a":0,"k":[0,0]},"s":{"a":0,"k":[100,100]},"r":{"a":0,"k":0},"o":{"a":0,"k":100},"sk":{"a":0,"k":0},"sa":{"a":0,"k":0},"nm":"Transform"}],"nm":"Group 1","bm":0,"hd":false},{"ty":"tr","p":{"a":0,"k":[0,0]},"a":{"a":0,"k":[0,0]},"s":{"a":0,"k":[100,100]},"r":{"a":0,"k":0},"o":{"a":0,"k":100},"sk":{"a":0,"k":0},"sa":{"a":0,"k":0},"nm":"Transform"}],"nm":"Group 4","bm":0,"hd":false}],"ip":0,"op":6000,"st":0,"bm":0},{"ddd":0,"ind":3,"ty":4,"nm":"head","sr":1,"ks":{"r":{"a":1,"k":[{"i":{"x":[0.667],"y":[1]},"o":{"x":[0.333],"y":[0]},"t":55,"s":[0]},{"i":{"x":[0.667],"y":[1]},"o":{"x":[0.333],"y":[0]},"t":65,"s":[-8]},{"t":75,"s":[0]}]},"p":{"a":0,"k":[1074,323,0]},"a":{"a":0,"k":[754,-37,0]}},"ao":0,"shapes":[{"ty":"gr","it":[{"ty":"gr","it":[{"ind":0,"ty":"sh","ks":{"a":0,"k":{"i":[[-3.379,0.297],[-0.879,-3.266]],"o":[[0,0],[0,0]],"v":[[722.402,-71.021],[720.991,-67.356]],"c":true}},"nm":"Path 1","hd":false},{"ty":"fl","c":{"a":0,"k":[0.823529422283,0.40000000596,0.32549020648,1]},"o":{"a":0,"k":100},"r":1,"bm":0,"nm":"Fill 1","hd":false},{"ty":"tr","p":{"a":0,"k":[0,0]},"a":{"a":0,"k":[0,0]},"s":{"a":0,"k":[100,100]},"r":{"a":0,"k":0},"o":{"a":0,"k":100},"sk":{"a":0,"k":0},"sa":{"a":0,"k":0},"nm":"Transform"}],"nm":"Group 1","bm":0,"hd":false},{"ty":"gr","it":[{"ind":0,"ty":"sh","ks":{"a":0,"k":{"i":[[4.587,-0.222],[2.293,-3.86]],"o":[[0,0],[0,0]],"v":[[764.731,-69.404],[765.99,-64.638]],"c":true}},"nm":"Path 1","hd":false},{"ty":"fl","c":{"a":0,"k":[0.823529422283,0.40000000596,0.32549020648,1]},"o":{"a":0,"k":100},"r":1,"bm":0,"nm":"Fill 1","hd":false},{"ty":"tr","p":{"a":0,"k":[0,0]},"a":{"a":0,"k":[0,0]},"s":{"a":0,"k":[100,100]},"r":{"a":0,"k":0},"o":{"a":0,"k":100},"sk":{"a":0,"k":0},"sa":{"a":0,"k":0},"nm":"Transform"}],"nm":"Group 2","bm":0,"hd":false},{"ty":"gr","it":[{"ind":0,"ty":"sh","ks":{"a":0,"k":{"i":[[0,0],[4.554,3.658],[0,0],[0,0],[0.214,0.271],[0.104,0.114],[-31.22,3.793]],"o":[[-24.571,8.958],[-0.006,-0.004],[0,0],[-0.221,-0.335],[-0.107,-0.136],[0,0],[0,0]],"v":[[764.286,-66.883],[722.559,-68.367],[722.552,-68.382],[722.446,-68.459],[721.789,-69.372],[721.472,-69.747],[761.666,-66.361]],"c":true}},"nm":"Path 1","hd":false},{"ty":"fl","c":{"a":0,"k":[0.960784316063,0.588235318661,0.556862771511,1]},"o":{"a":0,"k":100},"r":1,"bm":0,"nm":"Fill 1","hd":false},{"ty":"tr","p":{"a":0,"k":[0,0]},"a":{"a":0,"k":[0,0]},"s":{"a":0,"k":[100,100]},"r":{"a":0,"k":0},"o":{"a":0,"k":100},"sk":{"a":0,"k":0},"sa":{"a":0,"k":0},"nm":"Transform"}],"nm":"Group 3","bm":0,"hd":false},{"ty":"gr","it":[{"ind":0,"ty":"sh","ks":{"a":0,"k":{"i":[[-17.599,16.709],[11.637,-0.289],[2.469,4.587]],"o":[[-3.159,4.262],[-7.031,0.175],[9.305,10.949]],"v":[[764.734,-65.548],[739.718,-47.563],[727.929,-58.191]],"c":true}},"nm":"Path 1","hd":false},{"ty":"fl","c":{"a":0,"k":[0.960784316063,0.588235318661,0.556862771511,1]},"o":{"a":0,"k":100},"r":1,"bm":0,"nm":"Fill 1","hd":false},{"ty":"tr","p":{"a":0,"k":[0,0]},"a":{"a":0,"k":[0,0]},"s":{"a":0,"k":[100,100]},"r":{"a":0,"k":0},"o":{"a":0,"k":100},"sk":{"a":0,"k":0},"sa":{"a":0,"k":0},"nm":"Transform"}],"nm":"Group 4","bm":0,"hd":false},{"ty":"gr","it":[{"ind":0,"ty":"sh","ks":{"a":0,"k":{"i":[[0,0],[6.457,2.865],[4.753,0.738],[0.214,0.271],[0.104,0.114],[-31.22,3.793],[0,0]],"o":[[-15.778,11.158],[-2.767,-1.228],[-0.4,-0.062],[-0.107,-0.136],[0,0],[0,0],[0,0]],"v":[[765.325,-67.092],[730.586,-59.889],[724.137,-67.193],[721.789,-69.372],[721.472,-69.747],[761.666,-66.361],[764.286,-66.883]],"c":true}},"nm":"Path 1","hd":false},{"ty":"fl","c":{"a":0,"k":[1,1,1,1]},"o":{"a":0,"k":100},"r":1,"bm":0,"nm":"Fill 1","hd":false},{"ty":"tr","p":{"a":0,"k":[0,0]},"a":{"a":0,"k":[0,0]},"s":{"a":0,"k":[100,100]},"r":{"a":0,"k":0},"o":{"a":0,"k":100},"sk":{"a":0,"k":0},"sa":{"a":0,"k":0},"nm":"Transform"}],"nm":"Group 5","bm":0,"hd":false},{"ty":"gr","it":[{"ind":0,"ty":"sh","ks":{"a":0,"k":{"i":[[6.914,7.686],[-4.126,-1.273],[-5.264,-4.041]],"o":[[0,0],[0,0],[0,0]],"v":[[730.83,-55.402],[737.795,-56.328],[748.443,-53.304]],"c":true}},"nm":"Path 1","hd":false},{"ty":"fl","c":{"a":0,"k":[0.823529422283,0.40000000596,0.32549020648,1]},"o":{"a":0,"k":100},"r":1,"bm":0,"nm":"Fill 1","hd":false},{"ty":"tr","p":{"a":0,"k":[0,0]},"a":{"a":0,"k":[0,0]},"s":{"a":0,"k":[100,100]},"r":{"a":0,"k":0},"o":{"a":0,"k":100},"sk":{"a":0,"k":0},"sa":{"a":0,"k":0},"nm":"Transform"}],"nm":"Group 6","bm":0,"hd":false},{"ty":"gr","it":[{"ind":0,"ty":"sh","ks":{"a":0,"k":{"i":[[0.764,-1.021],[11.637,-0.289],[2.469,4.587],[0.582,1.238],[0,0],[0.302,0.617],[1.022,1.42],[0,0],[0.268,0.32],[0.104,0.114],[-31.22,3.793],[0,0],[0,0],[0,0]],"o":[[-3.159,4.262],[-7.031,0.175],[-0.64,-1.183],[0,0],[-0.292,-0.63],[-0.804,-1.632],[-0.006,-0.004],[-0.243,-0.341],[-0.107,-0.136],[0,0],[0,0],[0,0],[0,0],[0,0]],"v":[[764.734,-65.548],[739.718,-47.563],[727.929,-58.191],[726.124,-61.849],[726.119,-61.854],[725.228,-63.723],[722.559,-68.367],[722.552,-68.382],[721.789,-69.372],[721.472,-69.747],[761.666,-66.361],[764.286,-66.883],[765.325,-67.092],[765.908,-67.204]],"c":true}},"nm":"Path 1","hd":false},{"ty":"fl","c":{"a":0,"k":[0.40000000596,0.117647059262,0.109803922474,1]},"o":{"a":0,"k":100},"r":1,"bm":0,"nm":"Fill 1","hd":false},{"ty":"tr","p":{"a":0,"k":[0,0]},"a":{"a":0,"k":[0,0]},"s":{"a":0,"k":[100,100]},"r":{"a":0,"k":0},"o":{"a":0,"k":100},"sk":{"a":0,"k":0},"sa":{"a":0,"k":0},"nm":"Transform"}],"nm":"Group 7","bm":0,"hd":false},{"ty":"tr","p":{"a":0,"k":[0,0]},"a":{"a":0,"k":[0,0]},"s":{"a":0,"k":[100,100]},"r":{"a":0,"k":0},"o":{"a":0,"k":100},"sk":{"a":0,"k":0},"sa":{"a":0,"k":0},"nm":"Transform"}],"nm":"Group 1","bm":0,"hd":false},{"ty":"gr","it":[{"ty":"gr","it":[{"ind":0,"ty":"sh","ks":{"a":0,"k":{"i":[[-2.92,1.101],[4.736,-2.154],[-2.808,1.516],[3.417,-0.494]],"o":[[10.224,-0.153],[-6.378,0.283],[3.445,-2.917],[-0.031,-3.451]],"v":[[818.429,-89.512],[813.088,-67.92],[815.223,-77.074],[812.016,-81.902]],"c":true}},"nm":"Path 1","hd":false},{"ty":"st","c":{"a":0,"k":[0.270588248968,0.203921571374,0.137254908681,1]},"o":{"a":0,"k":100},"w":{"a":0,"k":0.25},"lc":1,"lj":1,"ml":10,"bm":0,"nm":"Stroke 1","hd":false},{"ty":"fl","c":{"a":0,"k":[0.980392158031,0.823529422283,0.776470601559,1]},"o":{"a":0,"k":100},"r":1,"bm":0,"nm":"Fill 1","hd":false},{"ty":"tr","p":{"a":0,"k":[0,0]},"a":{"a":0,"k":[0,0]},"s":{"a":0,"k":[100,100]},"r":{"a":0,"k":0},"o":{"a":0,"k":100},"sk":{"a":0,"k":0},"sa":{"a":0,"k":0},"nm":"Transform"}],"nm":"Group 1","bm":0,"hd":false},{"ty":"gr","it":[{"ind":0,"ty":"sh","ks":{"a":0,"k":{"i":[[0,0],[24.739,-9.744],[3.743,-8.848]],"o":[[18.524,21.024],[0,0.001],[0,0]],"v":[[800.531,-66.892],[816.234,-93.794],[804.3,-83.05]],"c":false}},"nm":"Path 1","hd":false},{"ty":"st","c":{"a":0,"k":[0.270588248968,0.203921571374,0.137254908681,1]},"o":{"a":0,"k":100},"w":{"a":0,"k":0.25},"lc":1,"lj":1,"ml":10,"bm":0,"nm":"Stroke 1","hd":false},{"ty":"fl","c":{"a":0,"k":[0.980392158031,0.823529422283,0.776470601559,1]},"o":{"a":0,"k":100},"r":1,"bm":0,"nm":"Fill 1","hd":false},{"ty":"tr","p":{"a":0,"k":[0,0]},"a":{"a":0,"k":[0,0]},"s":{"a":0,"k":[100,100]},"r":{"a":0,"k":0},"o":{"a":0,"k":100},"sk":{"a":0,"k":0},"sa":{"a":0,"k":0},"nm":"Transform"}],"nm":"Group 2","bm":0,"hd":false},{"ty":"tr","p":{"a":0,"k":[0,0]},"a":{"a":0,"k":[0,0]},"s":{"a":0,"k":[100,100]},"r":{"a":0,"k":0},"o":{"a":0,"k":100},"sk":{"a":0,"k":0},"sa":{"a":0,"k":0},"nm":"Transform"}],"nm":"Group 2","bm":0,"hd":false},{"ty":"gr","it":[{"ty":"gr","it":[{"ind":0,"ty":"sh","ks":{"a":0,"k":{"i":[[0,0],[-9.739,11.054]],"o":[[-5.865,5.904],[0,0]],"v":[[750.419,-82.4],[735.36,-92.195]],"c":false}},"nm":"Path 1","hd":false},{"ty":"st","c":{"a":0,"k":[0.270588248968,0.203921571374,0.137254908681,1]},"o":{"a":0,"k":100},"w":{"a":0,"k":0.25},"lc":1,"lj":1,"ml":10,"bm":0,"nm":"Stroke 1","hd":false},{"ty":"fl","c":{"a":0,"k":[0.980392158031,0.823529422283,0.776470601559,1]},"o":{"a":0,"k":100},"r":1,"bm":0,"nm":"Fill 1","hd":false},{"ty":"tr","p":{"a":0,"k":[0,0]},"a":{"a":0,"k":[0,0]},"s":{"a":0,"k":[100,100]},"r":{"a":0,"k":0},"o":{"a":0,"k":100},"sk":{"a":0,"k":0},"sa":{"a":0,"k":0},"nm":"Transform"}],"nm":"Group 1","bm":0,"hd":false},{"ty":"gr","it":[{"ind":0,"ty":"sh","ks":{"a":0,"k":{"i":[[-7.395,28.905],[60.084,3.617],[-6.702,13.243],[11.742,-2.237],[0,0],[0,0],[-5.55,23.053],[1.735,-5.568],[-40.016,19.178],[9.614,-3.479],[-11.643,-38.36],[-7.175,-28.468],[5.086,-5.822],[24.477,-20.844],[-5.303,21.719],[0,0]],"o":[[0,0],[0,0],[-8.623,16.279],[0,0],[0,0],[-2.364,-13.458],[0,0],[0,0],[0,0],[3.688,-9.418],[0,0],[0,0],[30.602,8.49],[0,0],[0,0],[0,0]],"v":[[794.905,-148.755],[737.887,-138.025],[746.211,-151.793],[710.302,-134.612],[707.353,-152.596],[700.299,-100.108],[696.081,-152.859],[691.311,-142.058],[724.232,-190.736],[707.23,-189.97],[800.722,-183.8],[831.269,-168.197],[811.342,-172.078],[809.642,-81.639],[802.611,-119.885],[796.655,-112.078]],"c":true}},"nm":"Path 1","hd":false},{"ty":"fl","c":{"a":0,"k":[0.203921571374,0.145098045468,0.090196080506,1]},"o":{"a":0,"k":100},"r":1,"bm":0,"nm":"Fill 1","hd":false},{"ty":"tr","p":{"a":0,"k":[0,0]},"a":{"a":0,"k":[0,0]},"s":{"a":0,"k":[100,100]},"r":{"a":0,"k":0},"o":{"a":0,"k":100},"sk":{"a":0,"k":0},"sa":{"a":0,"k":0},"nm":"Transform"}],"nm":"Group 2","bm":0,"hd":false},{"ty":"gr","it":[{"ind":0,"ty":"sh","ks":{"a":0,"k":{"i":[[-2.166,32.933],[44.604,5.364],[0,0],[26.43,-1.454],[0,0],[0,0],[0,0],[0,0],[0,0],[2.855,-11.83],[0.989,10.169]],"o":[[0,0],[0,0],[0,0],[0,0],[0,0],[0,0],[0,0],[0,0],[0,0],[-5.483,-8.785],[0,0]],"v":[[790.356,-140.355],[735.947,-134.896],[737.835,-140.662],[707.83,-131.263],[700.299,-100.108],[700.318,-166.962],[795.262,-163.46],[808.095,-147.18],[805.449,-129.575],[807.711,-81.274],[797.641,-110.115]],"c":true}},"nm":"Path 1","hd":false},{"ty":"fl","c":{"a":0,"k":[0.854901969433,0.611764729023,0.552941203117,1]},"o":{"a":0,"k":100},"r":1,"bm":0,"nm":"Fill 1","hd":false},{"ty":"tr","p":{"a":0,"k":[0,0]},"a":{"a":0,"k":[0,0]},"s":{"a":0,"k":[100,100]},"r":{"a":0,"k":0},"o":{"a":0,"k":100},"sk":{"a":0,"k":0},"sa":{"a":0,"k":0},"nm":"Transform"}],"nm":"Group 3","bm":0,"hd":false},{"ty":"gr","it":[{"ind":0,"ty":"sh","ks":{"a":0,"k":{"i":[[-27.19,11.998],[-40.928,-5.01],[2.814,-34.679],[0.006,-0.873],[29.776,31.712],[-3.083,28.394]],"o":[[32.618,-14.393],[39.72,4.862],[-1.301,16.03],[-2.629,54.563],[-10.404,-10.234],[0.094,-0.868]],"v":[[720.428,-146.517],[755.36,-183.087],[813.262,-120.977],[805.005,-87.885],[715.408,-49.347],[700.744,-102.594]],"c":true}},"nm":"Path 1","hd":false},{"ty":"st","c":{"a":0,"k":[0.270588248968,0.203921571374,0.137254908681,1]},"o":{"a":0,"k":100},"w":{"a":0,"k":0.25},"lc":1,"lj":1,"ml":10,"bm":0,"nm":"Stroke 1","hd":false},{"ty":"fl","c":{"a":0,"k":[0.980392158031,0.823529422283,0.776470601559,1]},"o":{"a":0,"k":100},"r":1,"bm":0,"nm":"Fill 1","hd":false},{"ty":"tr","p":{"a":0,"k":[0,0]},"a":{"a":0,"k":[0,0]},"s":{"a":0,"k":[100,100]},"r":{"a":0,"k":0},"o":{"a":0,"k":100},"sk":{"a":0,"k":0},"sa":{"a":0,"k":0},"nm":"Transform"}],"nm":"Group 4","bm":0,"hd":false},{"ty":"gr","it":[{"ty":"gr","it":[{"ind":0,"ty":"sh","ks":{"a":0,"k":{"i":[[2.993,1.627],[-5.179,-2.974],[2.998,2.099],[-3.342,-1.122]],"o":[[-11.634,-2.697],[7.327,1.825],[-3.685,-3.947],[0.578,-3.615]],"v":[[703.109,-103.74],[705.714,-81.34],[704.759,-90.809],[709.265,-94.857]],"c":true}},"nm":"Path 1","hd":false},{"ty":"st","c":{"a":0,"k":[0.270588248968,0.203921571374,0.137254908681,1]},"o":{"a":0,"k":100},"w":{"a":0,"k":0.25},"lc":1,"lj":1,"ml":10,"bm":0,"nm":"Stroke 1","hd":false},{"ty":"fl","c":{"a":0,"k":[0.980392158031,0.823529422283,0.776470601559,1]},"o":{"a":0,"k":100},"r":1,"bm":0,"nm":"Fill 1","hd":false},{"ty":"tr","p":{"a":0,"k":[0,0]},"a":{"a":0,"k":[0,0]},"s":{"a":0,"k":[100,100]},"r":{"a":0,"k":0},"o":{"a":0,"k":100},"sk":{"a":0,"k":0},"sa":{"a":0,"k":0},"nm":"Transform"}],"nm":"Group 1","bm":0,"hd":false},{"ty":"gr","it":[{"ind":0,"ty":"sh","ks":{"a":0,"k":{"i":[[-3.833,-9.887],[-8.094,2.729],[3.833,9.887],[7.453,4.401]],"o":[[3.833,9.887],[8.094,-2.729],[-3.833,-9.887],[-16.325,-9.64]],"v":[[694.905,-88.152],[716.129,-76.095],[717.947,-94.243],[706.355,-107.472]],"c":true}},"nm":"Path 1","hd":false},{"ty":"st","c":{"a":0,"k":[0.270588248968,0.203921571374,0.137254908681,1]},"o":{"a":0,"k":100},"w":{"a":0,"k":0.25},"lc":1,"lj":1,"ml":10,"bm":0,"nm":"Stroke 1","hd":false},{"ty":"fl","c":{"a":0,"k":[0.980392158031,0.823529422283,0.776470601559,1]},"o":{"a":0,"k":100},"r":1,"bm":0,"nm":"Fill 1","hd":false},{"ty":"tr","p":{"a":0,"k":[0,0]},"a":{"a":0,"k":[0,0]},"s":{"a":0,"k":[100,100]},"r":{"a":0,"k":0},"o":{"a":0,"k":100},"sk":{"a":0,"k":0},"sa":{"a":0,"k":0},"nm":"Transform"}],"nm":"Group 2","bm":0,"hd":false},{"ty":"tr","p":{"a":0,"k":[0,0]},"a":{"a":0,"k":[0,0]},"s":{"a":0,"k":[100,100]},"r":{"a":0,"k":0},"o":{"a":0,"k":100},"sk":{"a":0,"k":0},"sa":{"a":0,"k":0},"nm":"Transform"}],"nm":"Group 5","bm":0,"hd":false},{"ty":"tr","p":{"a":0,"k":[0,0]},"a":{"a":0,"k":[0,0]},"s":{"a":0,"k":[100,100]},"r":{"a":0,"k":0},"o":{"a":0,"k":100},"sk":{"a":0,"k":0},"sa":{"a":0,"k":0},"nm":"Transform"}],"nm":"Group 3","bm":0,"hd":false}],"ip":0,"op":6000,"st":0,"bm":0},{"ddd":0,"ind":4,"ty":4,"nm":"Layer 4","sr":1,"ks":{"p":{"a":0,"k":[320,360,0]}},"ao":0,"shapes":[{"ty":"gr","it":[{"ind":0,"ty":"sh","ks":{"a":0,"k":{"i":[[0,0],[-2.156,8.947]],"o":[[0,0],[0,0]],"v":[[796.311,26.972],[797.476,6.502]],"c":false}},"nm":"Path 1","hd":false},{"ty":"st","c":{"a":0,"k":[0.435294121504,0.156862750649,0.478431373835,1]},"o":{"a":0,"k":100},"w":{"a":0,"k":0.5},"lc":1,"lj":1,"ml":10,"bm":0,"nm":"Stroke 1","hd":false},{"ty":"tr","p":{"a":0,"k":[0,0]},"a":{"a":0,"k":[0,0]},"s":{"a":0,"k":[100,100]},"r":{"a":0,"k":0},"o":{"a":0,"k":100},"sk":{"a":0,"k":0},"sa":{"a":0,"k":0},"nm":"Transform"}],"nm":"Group 1","bm":0,"hd":false},{"ty":"gr","it":[{"ty":"gr","it":[{"ind":0,"ty":"sh","ks":{"a":0,"k":{"i":[[0,0],[0,0],[0,0],[0,0]],"o":[[0,0],[0,0],[0,0],[0,0]],"v":[[774.629,77.211],[775.658,87.122],[772.861,87.615],[771.962,77.47]],"c":true}},"nm":"Path 1","hd":false},{"ty":"st","c":{"a":0,"k":[0.113725490868,0.066666670144,0.105882354081,1]},"o":{"a":0,"k":100},"w":{"a":0,"k":0.5},"lc":1,"lj":1,"ml":10,"bm":0,"nm":"Stroke 1","hd":false},{"ty":"fl","c":{"a":0,"k":[0.384313732386,0.266666680574,0.35686275363,1]},"o":{"a":0,"k":100},"r":1,"bm":0,"nm":"Fill 1","hd":false},{"ty":"tr","p":{"a":0,"k":[0,0]},"a":{"a":0,"k":[0,0]},"s":{"a":0,"k":[100,100]},"r":{"a":0,"k":0},"o":{"a":0,"k":100},"sk":{"a":0,"k":0},"sa":{"a":0,"k":0},"nm":"Transform"}],"nm":"Group 1","bm":0,"hd":false},{"ty":"gr","it":[{"ind":0,"ty":"sh","ks":{"a":0,"k":{"i":[[0,0],[0,0],[0,0],[0,0]],"o":[[0,0],[0,0],[0,0],[0,0]],"v":[[793.398,74.399],[794.931,81.567],[792.494,82.559],[790.782,74.933]],"c":true}},"nm":"Path 1","hd":false},{"ty":"st","c":{"a":0,"k":[0.113725490868,0.066666670144,0.105882354081,1]},"o":{"a":0,"k":100},"w":{"a":0,"k":0.5},"lc":1,"lj":1,"ml":10,"bm":0,"nm":"Stroke 1","hd":false},{"ty":"fl","c":{"a":0,"k":[0.384313732386,0.266666680574,0.35686275363,1]},"o":{"a":0,"k":100},"r":1,"bm":0,"nm":"Fill 1","hd":false},{"ty":"tr","p":{"a":0,"k":[0,0]},"a":{"a":0,"k":[0,0]},"s":{"a":0,"k":[100,100]},"r":{"a":0,"k":0},"o":{"a":0,"k":100},"sk":{"a":0,"k":0},"sa":{"a":0,"k":0},"nm":"Transform"}],"nm":"Group 2","bm":0,"hd":false},{"ty":"gr","it":[{"ind":0,"ty":"sh","ks":{"a":0,"k":{"i":[[0,0],[0,0],[0,0],[0,0]],"o":[[0,0],[0,0],[0,0],[0,0]],"v":[[709.213,76.984],[709.063,86.007],[705.861,85.51],[706.508,76.416]],"c":true}},"nm":"Path 1","hd":false},{"ty":"st","c":{"a":0,"k":[0.113725490868,0.066666670144,0.105882354081,1]},"o":{"a":0,"k":100},"w":{"a":0,"k":0.5},"lc":1,"lj":1,"ml":10,"bm":0,"nm":"Stroke 1","hd":false},{"ty":"fl","c":{"a":0,"k":[0.384313732386,0.266666680574,0.35686275363,1]},"o":{"a":0,"k":100},"r":1,"bm":0,"nm":"Fill 1","hd":false},{"ty":"tr","p":{"a":0,"k":[0,0]},"a":{"a":0,"k":[0,0]},"s":{"a":0,"k":[100,100]},"r":{"a":0,"k":0},"o":{"a":0,"k":100},"sk":{"a":0,"k":0},"sa":{"a":0,"k":0},"nm":"Transform"}],"nm":"Group 3","bm":0,"hd":false},{"ty":"gr","it":[{"ind":0,"ty":"sh","ks":{"a":0,"k":{"i":[[0,0],[0,0],[0,0],[0,0]],"o":[[0,0],[0,0],[0,0],[0,0]],"v":[[734.123,79.227],[733.747,88.912],[731.066,88.767],[731.442,79.178]],"c":true}},"nm":"Path 1","hd":false},{"ty":"st","c":{"a":0,"k":[0.113725490868,0.066666670144,0.105882354081,1]},"o":{"a":0,"k":100},"w":{"a":0,"k":0.5},"lc":1,"lj":1,"ml":10,"bm":0,"nm":"Stroke 1","hd":false},{"ty":"fl","c":{"a":0,"k":[0.384313732386,0.266666680574,0.35686275363,1]},"o":{"a":0,"k":100},"r":1,"bm":0,"nm":"Fill 1","hd":false},{"ty":"tr","p":{"a":0,"k":[0,0]},"a":{"a":0,"k":[0,0]},"s":{"a":0,"k":[100,100]},"r":{"a":0,"k":0},"o":{"a":0,"k":100},"sk":{"a":0,"k":0},"sa":{"a":0,"k":0},"nm":"Transform"}],"nm":"Group 4","bm":0,"hd":false},{"ty":"gr","it":[{"ind":0,"ty":"sh","ks":{"a":0,"k":{"i":[[-15.018,1.56],[0,0],[2.62,0.303],[0,0]],"o":[[0,0],[0,0],[0,0],[0,0]],"v":[[765.134,88.833],[764.501,78.053],[743.208,79.205],[743.074,89.397]],"c":true}},"nm":"Path 1","hd":false},{"ty":"st","c":{"a":0,"k":[0.113725490868,0.066666670144,0.105882354081,1]},"o":{"a":0,"k":100},"w":{"a":0,"k":0.5},"lc":1,"lj":1,"ml":10,"bm":0,"nm":"Stroke 1","hd":false},{"ty":"fl","c":{"a":0,"k":[0.670588254929,0.776470601559,0.784313738346,1]},"o":{"a":0,"k":100},"r":1,"bm":0,"nm":"Fill 1","hd":false},{"ty":"tr","p":{"a":0,"k":[0,0]},"a":{"a":0,"k":[0,0]},"s":{"a":0,"k":[100,100]},"r":{"a":0,"k":0},"o":{"a":0,"k":100},"sk":{"a":0,"k":0},"sa":{"a":0,"k":0},"nm":"Transform"}],"nm":"Group 5","bm":0,"hd":false},{"ty":"gr","it":[{"ind":0,"ty":"sh","ks":{"a":0,"k":{"i":[[0,0],[35.45,16.079],[0,0],[-39.389,20.348]],"o":[[0,0],[0,0],[0,0],[0,0]],"v":[[798.081,73.282],[692.675,71.717],[689.997,82.531],[799.499,79.685]],"c":true}},"nm":"Path 1","hd":false},{"ty":"fl","c":{"a":0,"k":[0.176470592618,0.098039217293,0.054901961237,1]},"o":{"a":0,"k":100},"r":1,"bm":0,"nm":"Fill 1","hd":false},{"ty":"tr","p":{"a":0,"k":[0,0]},"a":{"a":0,"k":[0,0]},"s":{"a":0,"k":[100,100]},"r":{"a":0,"k":0},"o":{"a":0,"k":100},"sk":{"a":0,"k":0},"sa":{"a":0,"k":0},"nm":"Transform"}],"nm":"Group 6","bm":0,"hd":false},{"ty":"tr","p":{"a":0,"k":[0,0]},"a":{"a":0,"k":[0,0]},"s":{"a":0,"k":[100,100]},"r":{"a":0,"k":0},"o":{"a":0,"k":100},"sk":{"a":0,"k":0},"sa":{"a":0,"k":0},"nm":"Transform"}],"nm":"Group 2","bm":0,"hd":false},{"ty":"gr","it":[{"ty":"gr","it":[{"ty":"gr","it":[{"ty":"gr","it":[{"ind":0,"ty":"sh","ks":{"a":0,"k":{"i":[[0,0],[4.11,-0.077],[-3.384,1.209]],"o":[[0,0],[0,0],[0,0]],"v":[[818.226,52.43],[809.605,54.286],[816.977,49.126]],"c":true}},"nm":"Path 1","hd":false},{"ty":"st","c":{"a":0,"k":[0.435294121504,0.156862750649,0.478431373835,1]},"o":{"a":0,"k":100},"w":{"a":0,"k":0.5},"lc":1,"lj":2,"bm":0,"nm":"Stroke 1","hd":false},{"ty":"fl","c":{"a":0,"k":[0.603921592236,0.247058823705,0.588235318661,1]},"o":{"a":0,"k":100},"r":1,"bm":0,"nm":"Fill 1","hd":false},{"ty":"tr","p":{"a":0,"k":[0,0]},"a":{"a":0,"k":[0,0]},"s":{"a":0,"k":[100,100]},"r":{"a":0,"k":0},"o":{"a":0,"k":100},"sk":{"a":0,"k":0},"sa":{"a":0,"k":0},"nm":"Transform"}],"nm":"Group 1","bm":0,"hd":false},{"ty":"gr","it":[{"ty":"gr","it":[{"ind":0,"ty":"sh","ks":{"a":0,"k":{"i":[[-18.294,-6.848],[0,0],[4.234,16.466],[0,0]],"o":[[0.945,0.354],[0,0],[0,0],[0,0]],"v":[[751.455,-22.029],[733.136,-3.907],[719.586,-33.947],[728.367,-45.6]],"c":true}},"nm":"Path 1","hd":false},{"ty":"st","c":{"a":0,"k":[0.435294121504,0.156862750649,0.478431373835,1]},"o":{"a":0,"k":100},"w":{"a":0,"k":0.5},"lc":1,"lj":2,"bm":0,"nm":"Stroke 1","hd":false},{"ty":"fl","c":{"a":0,"k":[0.874509803922,0.443137254902,0.886274509804,1]},"o":{"a":0,"k":100},"r":1,"bm":0,"nm":"Fill 1","hd":false},{"ty":"tr","p":{"a":0,"k":[0,0]},"a":{"a":0,"k":[0,0]},"s":{"a":0,"k":[100,100]},"r":{"a":0,"k":0},"o":{"a":0,"k":100},"sk":{"a":0,"k":0},"sa":{"a":0,"k":0},"nm":"Transform"}],"nm":"Group 1","bm":0,"hd":false},{"ty":"gr","it":[{"ind":0,"ty":"sh","ks":{"a":0,"k":{"i":[[0,0],[-0.341,-4.352],[0,0],[0,0],[-4.191,7.832]],"o":[[1.152,0.843],[0.341,4.352],[0,0],[0,0],[0,0]],"v":[[774.001,-43.922],[782.832,-31.459],[778.565,-3.946],[758.954,-22.119],[773.401,-37.071]],"c":true}},"nm":"Path 1","hd":false},{"ty":"st","c":{"a":0,"k":[0.435294121504,0.156862750649,0.478431373835,1]},"o":{"a":0,"k":100},"w":{"a":0,"k":0.5},"lc":1,"lj":2,"bm":0,"nm":"Stroke 1","hd":false},{"ty":"fl","c":{"a":0,"k":[0.874509803922,0.443137254902,0.886274509804,1]},"o":{"a":0,"k":100},"r":1,"bm":0,"nm":"Fill 1","hd":false},{"ty":"tr","p":{"a":0,"k":[0,0]},"a":{"a":0,"k":[0,0]},"s":{"a":0,"k":[100,100]},"r":{"a":0,"k":0},"o":{"a":0,"k":100},"sk":{"a":0,"k":0},"sa":{"a":0,"k":0},"nm":"Transform"}],"nm":"Group 2","bm":0,"hd":false},{"ty":"gr","it":[{"ty":"gr","it":[{"ty":"gr","it":[{"ind":0,"ty":"sh","ks":{"a":0,"k":{"i":[[0,0],[-0.247,-0.689],[0,0],[-8.195,-7.99],[-0.957,1.703],[17.998,8.174]],"o":[[0.232,0.715],[0,0],[8.705,4.069],[1.596,-2.249],[-5.01,-3.629],[-0.896,2.371]],"v":[[735.414,40.717],[736.105,43.001],[736.105,43.001],[766.483,61.941],[770.2,56.089],[736.731,37.111]],"c":true}},"nm":"Path 1","hd":false},{"ty":"fl","c":{"a":0,"k":[0.964705884457,0.878431379795,0.850980401039,1]},"o":{"a":0,"k":100},"r":1,"bm":0,"nm":"Fill 1","hd":false},{"ty":"tr","p":{"a":0,"k":[0,0]},"a":{"a":0,"k":[0,0]},"s":{"a":0,"k":[100,100]},"r":{"a":0,"k":0},"o":{"a":0,"k":100},"sk":{"a":0,"k":0},"sa":{"a":0,"k":0},"nm":"Transform"}],"nm":"Group 1","bm":0,"hd":false},{"ty":"gr","it":[{"ind":0,"ty":"sh","ks":{"a":0,"k":{"i":[[0.471,-1.409],[-8.161,-6.263],[0.206,2.141],[14.529,4.835]],"o":[[8.878,3.668],[-0.128,-2.301],[-5.364,-3.412],[-0.503,1.489]],"v":[[741.291,24.657],[772.963,41.198],[772.425,34.1],[742.778,20.114]],"c":true}},"nm":"Path 1","hd":false},{"ty":"fl","c":{"a":0,"k":[0.964705884457,0.878431379795,0.850980401039,1]},"o":{"a":0,"k":100},"r":1,"bm":0,"nm":"Fill 1","hd":false},{"ty":"tr","p":{"a":0,"k":[0,0]},"a":{"a":0,"k":[0,0]},"s":{"a":0,"k":[100,100]},"r":{"a":0,"k":0},"o":{"a":0,"k":100},"sk":{"a":0,"k":0},"sa":{"a":0,"k":0},"nm":"Transform"}],"nm":"Group 2","bm":0,"hd":false},{"ty":"gr","it":[{"ind":0,"ty":"sh","ks":{"a":0,"k":{"i":[[0.419,-1.56],[-4.701,-3.074],[0.553,2.086],[5.37,1.754]],"o":[[11.486,3.564],[-0.498,-2.41],[-7.664,-4.573],[-0.375,1.521]],"v":[[746.149,6.559],[769.973,18.161],[768.305,11.159],[747.347,1.931]],"c":true}},"nm":"Path 1","hd":false},{"ty":"fl","c":{"a":0,"k":[0.964705884457,0.878431379795,0.850980401039,1]},"o":{"a":0,"k":100},"r":1,"bm":0,"nm":"Fill 1","hd":false},{"ty":"tr","p":{"a":0,"k":[0,0]},"a":{"a":0,"k":[0,0]},"s":{"a":0,"k":[100,100]},"r":{"a":0,"k":0},"o":{"a":0,"k":100},"sk":{"a":0,"k":0},"sa":{"a":0,"k":0},"nm":"Transform"}],"nm":"Group 3","bm":0,"hd":false},{"ty":"gr","it":[{"ind":0,"ty":"sh","ks":{"a":0,"k":{"i":[[0,0],[-0.247,-0.689],[0,0],[0,0],[-2.629,3.677],[-0.957,1.703],[0,0],[0.15,2.465],[0.206,2.141],[0.997,4.766],[0.553,2.086],[-0.209,0.943],[0,0],[1.213,-5.008],[0.419,-1.56],[1.4,-4.281],[0.471,-1.409],[1.12,-2.974]],"o":[[0.232,0.715],[0,0],[7.402,21.587],[4.911,-5.07],[1.596,-2.249],[2.808,-4.988],[-0.042,-2.651],[-0.128,-2.301],[-0.601,-6.11],[-0.498,-2.41],[-3.558,-13.41],[0.606,-2.694],[-0.262,3.849],[-0.375,1.521],[-1.222,4.491],[-0.503,1.489],[-1.766,5.191],[-0.896,2.371]],"v":[[734.676,40.686],[735.372,42.791],[735.372,42.804],[755.84,75.543],[766.971,62.409],[770.764,56.494],[773.96,48.899],[773.663,41.225],[773.156,34.561],[770.701,18.258],[769.117,11.513],[761.633,-9.425],[749.708,-11.648],[747.347,1.931],[746.149,6.559],[742.13,19.897],[740.669,24.257],[736.129,36.91]],"c":true}},"nm":"Path 1","hd":false},{"ty":"st","c":{"a":0,"k":[0.113725490868,0.066666670144,0.105882354081,1]},"o":{"a":0,"k":100},"w":{"a":0,"k":0.5},"lc":1,"lj":1,"ml":10,"bm":0,"nm":"Stroke 1","hd":false},{"ty":"fl","c":{"a":0,"k":[0.384313732386,0.266666680574,0.35686275363,1]},"o":{"a":0,"k":100},"r":1,"bm":0,"nm":"Fill 1","hd":false},{"ty":"tr","p":{"a":0,"k":[0,0]},"a":{"a":0,"k":[0,0]},"s":{"a":0,"k":[100,100]},"r":{"a":0,"k":0},"o":{"a":0,"k":100},"sk":{"a":0,"k":0},"sa":{"a":0,"k":0},"nm":"Transform"}],"nm":"Group 4","bm":0,"hd":false},{"ty":"tr","p":{"a":0,"k":[0,0]},"a":{"a":0,"k":[0,0]},"s":{"a":0,"k":[100,100]},"r":{"a":0,"k":0},"o":{"a":0,"k":100},"sk":{"a":0,"k":0},"sa":{"a":0,"k":0},"nm":"Transform"}],"nm":"Group 1","bm":0,"hd":false},{"ty":"gr","it":[{"ind":0,"ty":"sh","ks":{"a":0,"k":{"i":[[11.838,4.608],[10.26,-2.805],[0,0],[0,0]],"o":[[-1.409,-0.549],[-10.26,2.805],[0,0],[0,0]],"v":[[764.924,-20.335],[748.389,-21.607],[750.405,-7.943],[761.557,-7.517]],"c":true}},"nm":"Path 1","hd":false},{"ty":"st","c":{"a":0,"k":[0.113725490868,0.066666670144,0.105882354081,1]},"o":{"a":0,"k":100},"w":{"a":0,"k":0.5},"lc":1,"lj":1,"ml":10,"bm":0,"nm":"Stroke 1","hd":false},{"ty":"fl","c":{"a":0,"k":[0.384313732386,0.266666680574,0.35686275363,1]},"o":{"a":0,"k":100},"r":1,"bm":0,"nm":"Fill 1","hd":false},{"ty":"tr","p":{"a":0,"k":[0,0]},"a":{"a":0,"k":[0,0]},"s":{"a":0,"k":[100,100]},"r":{"a":0,"k":0},"o":{"a":0,"k":100},"sk":{"a":0,"k":0},"sa":{"a":0,"k":0},"nm":"Transform"}],"nm":"Group 2","bm":0,"hd":false},{"ty":"tr","p":{"a":0,"k":[0,0]},"a":{"a":0,"k":[0,0]},"s":{"a":0,"k":[100,100]},"r":{"a":0,"k":0},"o":{"a":0,"k":100},"sk":{"a":0,"k":0},"sa":{"a":0,"k":0},"nm":"Transform"}],"nm":"Group 3","bm":0,"hd":false},{"ty":"tr","p":{"a":0,"k":[0,0]},"a":{"a":0,"k":[0,0]},"s":{"a":0,"k":[100,100]},"r":{"a":0,"k":0},"o":{"a":0,"k":100},"sk":{"a":0,"k":0},"sa":{"a":0,"k":0},"nm":"Transform"}],"nm":"Group 2","bm":0,"hd":false},{"ty":"tr","p":{"a":0,"k":[0,0]},"a":{"a":0,"k":[0,0]},"s":{"a":0,"k":[100,100]},"r":{"a":0,"k":0},"o":{"a":0,"k":100},"sk":{"a":0,"k":0},"sa":{"a":0,"k":0},"nm":"Transform"}],"nm":"Group 1","bm":0,"hd":false},{"ty":"gr","it":[{"ind":0,"ty":"sh","ks":{"a":0,"k":{"i":[[0,0],[22.543,48.003]],"o":[[-7.952,4.972],[0,0]],"v":[[779.576,-40.807],[729.462,-40.807]],"c":true}},"nm":"Path 1","hd":false},{"ty":"st","c":{"a":0,"k":[0.270588248968,0.203921571374,0.137254908681,1]},"o":{"a":0,"k":100},"w":{"a":0,"k":0.5},"lc":1,"lj":1,"ml":10,"bm":0,"nm":"Stroke 1","hd":false},{"ty":"fl","c":{"a":0,"k":[0.980392158031,0.823529422283,0.776470601559,1]},"o":{"a":0,"k":100},"r":1,"bm":0,"nm":"Fill 1","hd":false},{"ty":"tr","p":{"a":0,"k":[0,0]},"a":{"a":0,"k":[0,0]},"s":{"a":0,"k":[100,100]},"r":{"a":0,"k":0},"o":{"a":0,"k":100},"sk":{"a":0,"k":0},"sa":{"a":0,"k":0},"nm":"Transform"}],"nm":"Group 2","bm":0,"hd":false},{"ty":"gr","it":[{"ind":0,"ty":"sh","ks":{"a":0,"k":{"i":[[0,0],[8.46,-31.182],[-27.073,25.139],[-2.901,14.262],[-0.967,-3.384],[-25.622,-4.834],[9.185,8.702],[10.566,6.261],[59.668,5.403],[7.701,2.709]],"o":[[0,0],[0,0],[0,0],[0,0],[0,0],[0,0],[0,0],[0,0],[0,0],[0,0]],"v":[[691.362,10.045],[690.679,81.117],[797.761,75.8],[796.311,26.972],[809.605,54.286],[845.138,46.793],[816.132,-18.472],[790.937,-33.504],[726.165,-39.645],[699.836,-41.18]],"c":false}},"nm":"Path 1","hd":false},{"ty":"st","c":{"a":0,"k":[0.435294121504,0.156862750649,0.478431373835,1]},"o":{"a":0,"k":100},"w":{"a":0,"k":0.5},"lc":1,"lj":2,"bm":0,"nm":"Stroke 1","hd":false},{"ty":"fl","c":{"a":0,"k":[0.874509803922,0.443137254902,0.886274509804,1]},"o":{"a":0,"k":100},"r":1,"bm":0,"nm":"Fill 1","hd":false},{"ty":"tr","p":{"a":0,"k":[0,0]},"a":{"a":0,"k":[0,0]},"s":{"a":0,"k":[100,100]},"r":{"a":0,"k":0},"o":{"a":0,"k":100},"sk":{"a":0,"k":0},"sa":{"a":0,"k":0},"nm":"Transform"}],"nm":"Group 3","bm":0,"hd":false},{"ty":"tr","p":{"a":0,"k":[0,0]},"a":{"a":0,"k":[0,0]},"s":{"a":0,"k":[100,100]},"r":{"a":0,"k":0},"o":{"a":0,"k":100},"sk":{"a":0,"k":0},"sa":{"a":0,"k":0},"nm":"Transform"}],"nm":"Group 1","bm":0,"hd":false},{"ty":"tr","p":{"a":0,"k":[0,0]},"a":{"a":0,"k":[0,0]},"s":{"a":0,"k":[100,100]},"r":{"a":0,"k":0},"o":{"a":0,"k":100},"sk":{"a":0,"k":0},"sa":{"a":0,"k":0},"nm":"Transform"}],"nm":"Group 3","bm":0,"hd":false}],"ip":0,"op":6000,"st":0,"bm":0},{"ddd":0,"ind":5,"ty":4,"nm":"Layer 3","sr":1,"ks":{"p":{"a":0,"k":[320,360,0]}},"ao":0,"shapes":[{"ty":"gr","it":[{"ind":0,"ty":"sh","ks":{"a":0,"k":{"i":[[0,0],[-1.562,2.061],[0.543,1.597]],"o":[[0,0],[0,0],[0,0]],"v":[[852.107,145.427],[853.874,137.587],[853.738,134.908]],"c":false}},"nm":"Path 1","hd":false},{"ty":"st","c":{"a":0,"k":[0.270588248968,0.203921571374,0.137254908681,1]},"o":{"a":0,"k":100},"w":{"a":0,"k":0.5},"lc":1,"lj":1,"ml":10,"bm":0,"nm":"Stroke 1","hd":false},{"ty":"fl","c":{"a":0,"k":[0.980392158031,0.823529422283,0.776470601559,1]},"o":{"a":0,"k":100},"r":1,"bm":0,"nm":"Fill 1","hd":false},{"ty":"tr","p":{"a":0,"k":[0,0]},"a":{"a":0,"k":[0,0]},"s":{"a":0,"k":[100,100]},"r":{"a":0,"k":0},"o":{"a":0,"k":100},"sk":{"a":0,"k":0},"sa":{"a":0,"k":0},"nm":"Transform"}],"nm":"Group 1","bm":0,"hd":false},{"ty":"gr","it":[{"ind":0,"ty":"sh","ks":{"a":0,"k":{"i":[[0,0],[-1.562,2.716],[0.543,2.105]],"o":[[0,0],[0,0],[0,0]],"v":[[845.742,148.854],[847.509,138.521],[847.373,134.99]],"c":false}},"nm":"Path 1","hd":false},{"ty":"st","c":{"a":0,"k":[0.270588248968,0.203921571374,0.137254908681,1]},"o":{"a":0,"k":100},"w":{"a":0,"k":0.5},"lc":1,"lj":1,"ml":10,"bm":0,"nm":"Stroke 1","hd":false},{"ty":"fl","c":{"a":0,"k":[0.980392158031,0.823529422283,0.776470601559,1]},"o":{"a":0,"k":100},"r":1,"bm":0,"nm":"Fill 1","hd":false},{"ty":"tr","p":{"a":0,"k":[0,0]},"a":{"a":0,"k":[0,0]},"s":{"a":0,"k":[100,100]},"r":{"a":0,"k":0},"o":{"a":0,"k":100},"sk":{"a":0,"k":0},"sa":{"a":0,"k":0},"nm":"Transform"}],"nm":"Group 2","bm":0,"hd":false},{"ty":"gr","it":[{"ty":"gr","it":[{"ind":0,"ty":"sh","ks":{"a":0,"k":{"i":[[0,0]],"o":[[0,0]],"v":[[846.312,124.003]],"c":false}},"nm":"Path 1","hd":false},{"ty":"fl","c":{"a":0,"k":[0.564705908298,0.301960796118,0.215686276555,1]},"o":{"a":0,"k":100},"r":1,"bm":0,"nm":"Fill 1","hd":false},{"ty":"tr","p":{"a":0,"k":[0,0]},"a":{"a":0,"k":[0,0]},"s":{"a":0,"k":[100,100]},"r":{"a":0,"k":0},"o":{"a":0,"k":100},"sk":{"a":0,"k":0},"sa":{"a":0,"k":0},"nm":"Transform"}],"nm":"Group 1","bm":0,"hd":false},{"ty":"gr","it":[{"ty":"gr","it":[{"ind":0,"ty":"sh","ks":{"a":0,"k":{"i":[[0,0],[0,0],[-0.111,-1.551],[0.106,-1.794],[-0.523,-2.408],[0.554,-3.845],[3.335,0.329],[0.089,2.039],[0.33,-0.815],[0.708,-1.117],[0.637,1.372],[0.094,0.699],[2.242,1.402],[-0.482,2.685],[-0.407,2.293],[-0.325,1.329],[1.022,-2.024],[0.599,-1.628],[2.49,-0.393],[0.383,0.875],[-0.574,2.189],[0.115,4.994],[1.428,-0.254],[1.748,0.569],[-2.291,2.011],[-3.897,2.514],[-1.062,0.395],[-0.561,2.644]],"o":[[0.024,-0.001],[0.081,-1.187],[0.233,1.798],[-0.149,2.475],[0.856,3.898],[-0.234,1.578],[-2.161,-0.214],[-0.411,0.769],[-0.487,1.227],[-0.969,1.452],[-0.248,-0.581],[-0.296,1.461],[-2.828,-1.766],[0.419,-2.297],[0.218,-1.369],[-1.367,1.583],[-0.768,1.553],[-0.746,1.964],[-1.184,0.185],[-0.966,-2.2],[1.258,-4.672],[-1.508,0.12],[-1.793,0.328],[-2.704,-0.874],[3.539,-3.097],[0.946,-0.598],[0.934,-0.342],[0,0]],"v":[[857.83,117.064],[857.854,117.063],[858.046,117.427],[857.664,122.985],[858.557,130.058],[857.484,141.553],[855.208,149.516],[852.15,144.959],[850.971,147.326],[849.364,150.912],[846.278,150.516],[845.752,148.577],[842.083,153.423],[840.424,143.877],[841.915,137.054],[842.321,132.879],[838.775,138.17],[836.799,142.938],[832.391,149.453],[830.069,147.412],[830.427,140.127],[834.508,125.484],[829.94,126.748],[824.503,126.457],[822.826,119.727],[835.631,117.57],[838.369,115.826],[842.045,113.477]],"c":false}},"nm":"Path 1","hd":false},{"ty":"st","c":{"a":0,"k":[0.270588248968,0.203921571374,0.137254908681,1]},"o":{"a":0,"k":100},"w":{"a":0,"k":0.5},"lc":1,"lj":1,"ml":10,"bm":0,"nm":"Stroke 1","hd":false},{"ty":"fl","c":{"a":0,"k":[0.980392158031,0.823529422283,0.776470601559,1]},"o":{"a":0,"k":100},"r":1,"bm":0,"nm":"Fill 1","hd":false},{"ty":"tr","p":{"a":0,"k":[0,0]},"a":{"a":0,"k":[0,0]},"s":{"a":0,"k":[100,100]},"r":{"a":0,"k":0},"o":{"a":0,"k":100},"sk":{"a":0,"k":0},"sa":{"a":0,"k":0},"nm":"Transform"}],"nm":"Group 1","bm":0,"hd":false},{"ty":"tr","p":{"a":0,"k":[0,0]},"a":{"a":0,"k":[0,0]},"s":{"a":0,"k":[100,100]},"r":{"a":0,"k":0},"o":{"a":0,"k":100},"sk":{"a":0,"k":0},"sa":{"a":0,"k":0},"nm":"Transform"}],"nm":"Group 2","bm":0,"hd":false},{"ty":"gr","it":[{"ind":0,"ty":"sh","ks":{"a":0,"k":{"i":[[0,0],[4.316,-4.668]],"o":[[-6.251,-1.158],[0,0]],"v":[[847.97,70.009],[830.627,75.769]],"c":false}},"nm":"Path 1","hd":false},{"ty":"st","c":{"a":0,"k":[0.270588248968,0.203921571374,0.137254908681,1]},"o":{"a":0,"k":100},"w":{"a":0,"k":0.75},"lc":1,"lj":1,"ml":10,"bm":0,"nm":"Stroke 1","hd":false},{"ty":"tr","p":{"a":0,"k":[0,0]},"a":{"a":0,"k":[0,0]},"s":{"a":0,"k":[100,100]},"r":{"a":0,"k":0},"o":{"a":0,"k":100},"sk":{"a":0,"k":0},"sa":{"a":0,"k":0},"nm":"Transform"}],"nm":"Group 3","bm":0,"hd":false},{"ty":"gr","it":[{"ind":0,"ty":"sh","ks":{"a":0,"k":{"i":[[0,0],[0,0],[-5.567,4.463],[0,0]],"o":[[0,0],[9.489,-1.553],[0,0],[0,0]],"v":[[813.613,41.003],[820.41,57.04],[843.476,45.892],[840.316,36.499]],"c":true}},"nm":"Path 1","hd":false},{"ty":"fl","c":{"a":0,"k":[0.86274510622,0.61960786581,0.560784339905,1]},"o":{"a":0,"k":100},"r":1,"bm":0,"nm":"Fill 1","hd":false},{"ty":"tr","p":{"a":0,"k":[0,0]},"a":{"a":0,"k":[0,0]},"s":{"a":0,"k":[100,100]},"r":{"a":0,"k":0},"o":{"a":0,"k":100},"sk":{"a":0,"k":0},"sa":{"a":0,"k":0},"nm":"Transform"}],"nm":"Group 4","bm":0,"hd":false},{"ty":"gr","it":[{"ind":0,"ty":"sh","ks":{"a":0,"k":{"i":[[0,0],[0,0],[0,0],[0,0],[0,0],[0,0]],"o":[[0,0],[0,0],[0,0],[0,0],[0,0],[0,0]],"v":[[851.629,66.693],[843.699,45.527],[840.316,36.499],[813.613,41.003],[820.106,57.091],[827.246,74.267]],"c":false}},"nm":"Path 1","hd":false},{"ty":"st","c":{"a":0,"k":[0.270588248968,0.203921571374,0.137254908681,1]},"o":{"a":0,"k":100},"w":{"a":0,"k":0.5},"lc":1,"lj":1,"ml":10,"bm":0,"nm":"Stroke 1","hd":false},{"ty":"fl","c":{"a":0,"k":[0.980392158031,0.823529422283,0.776470601559,1]},"o":{"a":0,"k":100},"r":1,"bm":0,"nm":"Fill 1","hd":false},{"ty":"tr","p":{"a":0,"k":[0,0]},"a":{"a":0,"k":[0,0]},"s":{"a":0,"k":[100,100]},"r":{"a":0,"k":0},"o":{"a":0,"k":100},"sk":{"a":0,"k":0},"sa":{"a":0,"k":0},"nm":"Transform"}],"nm":"Group 5","bm":0,"hd":false},{"ty":"gr","it":[{"ind":0,"ty":"sh","ks":{"a":0,"k":{"i":[[0,0],[-2.161,-42.201],[0,0],[0,0],[-3.296,26.504]],"o":[[0,0],[0,0],[0,0],[0,0],[3.296,-26.504]],"v":[[841.559,50.593],[857.082,99.634],[858.006,117.219],[844.35,119.387],[827.115,60.733]],"c":true}},"nm":"Path 1","hd":false},{"ty":"st","c":{"a":0,"k":[0.270588248968,0.203921571374,0.137254908681,1]},"o":{"a":0,"k":100},"w":{"a":0,"k":0.5},"lc":1,"lj":1,"ml":10,"bm":0,"nm":"Stroke 1","hd":false},{"ty":"fl","c":{"a":0,"k":[0.980392158031,0.823529422283,0.776470601559,1]},"o":{"a":0,"k":100},"r":1,"bm":0,"nm":"Fill 1","hd":false},{"ty":"tr","p":{"a":0,"k":[0,0]},"a":{"a":0,"k":[0,0]},"s":{"a":0,"k":[100,100]},"r":{"a":0,"k":0},"o":{"a":0,"k":100},"sk":{"a":0,"k":0},"sa":{"a":0,"k":0},"nm":"Transform"}],"nm":"Group 6","bm":0,"hd":false},{"ty":"tr","p":{"a":0,"k":[0,0]},"a":{"a":0,"k":[0,0]},"s":{"a":0,"k":[100,100]},"r":{"a":0,"k":0},"o":{"a":0,"k":100},"sk":{"a":0,"k":0},"sa":{"a":0,"k":0},"nm":"Transform"}],"nm":"Group 3","bm":0,"hd":false}],"ip":0,"op":6000,"st":0,"bm":0},{"ddd":0,"ind":6,"ty":4,"nm":"Layer 2","sr":1,"ks":{"p":{"a":0,"k":[320,360,0]}},"ao":0,"shapes":[{"ty":"gr","it":[{"ind":0,"ty":"sh","ks":{"a":0,"k":{"i":[[0,0],[-6.534,5.906],[6.366,0.931]],"o":[[0,0],[0,0],[0,0]],"v":[[794.089,142.626],[800.12,140.155],[795.129,138.168]],"c":false}},"nm":"Path 1","hd":false},{"ty":"st","c":{"a":0,"k":[0.113725490868,0.066666670144,0.105882354081,1]},"o":{"a":0,"k":100},"w":{"a":0,"k":0.5},"lc":1,"lj":1,"ml":10,"bm":0,"nm":"Stroke 1","hd":false},{"ty":"fl","c":{"a":0,"k":[0.239215686917,0.180392161012,0.227450981736,1]},"o":{"a":0,"k":100},"r":1,"bm":0,"nm":"Fill 1","hd":false},{"ty":"tr","p":{"a":0,"k":[0,0]},"a":{"a":0,"k":[0,0]},"s":{"a":0,"k":[100,100]},"r":{"a":0,"k":0},"o":{"a":0,"k":100},"sk":{"a":0,"k":0},"sa":{"a":0,"k":0},"nm":"Transform"}],"nm":"Group 1","bm":0,"hd":false},{"ty":"gr","it":[{"ty":"gr","it":[{"ind":0,"ty":"sh","ks":{"a":0,"k":{"i":[[0,0],[-1.391,4.843]],"o":[[0,0],[0,0]],"v":[[787.667,135.407],[787.101,124.02]],"c":false}},"nm":"Path 1","hd":false},{"ty":"st","c":{"a":0,"k":[0.113725490868,0.066666670144,0.105882354081,1]},"o":{"a":0,"k":100},"w":{"a":0,"k":0.5},"lc":1,"lj":1,"ml":10,"bm":0,"nm":"Stroke 1","hd":false},{"ty":"fl","c":{"a":0,"k":[0.384313732386,0.266666680574,0.35686275363,1]},"o":{"a":0,"k":100},"r":1,"bm":0,"nm":"Fill 1","hd":false},{"ty":"tr","p":{"a":0,"k":[0,0]},"a":{"a":0,"k":[0,0]},"s":{"a":0,"k":[100,100]},"r":{"a":0,"k":0},"o":{"a":0,"k":100},"sk":{"a":0,"k":0},"sa":{"a":0,"k":0},"nm":"Transform"}],"nm":"Group 1","bm":0,"hd":false},{"ty":"gr","it":[{"ind":0,"ty":"sh","ks":{"a":0,"k":{"i":[[0,0],[3.94,0.394]],"o":[[0,0],[0,0]],"v":[[770.473,117.998],[762.001,111.891]],"c":false}},"nm":"Path 1","hd":false},{"ty":"st","c":{"a":0,"k":[0.113725490868,0.066666670144,0.105882354081,1]},"o":{"a":0,"k":100},"w":{"a":0,"k":0.5},"lc":1,"lj":1,"ml":10,"bm":0,"nm":"Stroke 1","hd":false},{"ty":"fl","c":{"a":0,"k":[0.384313732386,0.266666680574,0.35686275363,1]},"o":{"a":0,"k":100},"r":1,"bm":0,"nm":"Fill 1","hd":false},{"ty":"tr","p":{"a":0,"k":[0,0]},"a":{"a":0,"k":[0,0]},"s":{"a":0,"k":[100,100]},"r":{"a":0,"k":0},"o":{"a":0,"k":100},"sk":{"a":0,"k":0},"sa":{"a":0,"k":0},"nm":"Transform"}],"nm":"Group 2","bm":0,"hd":false},{"ty":"gr","it":[{"ind":0,"ty":"sh","ks":{"a":0,"k":{"i":[[0,0],[-2.786,-9.845]],"o":[[0,0],[0,0]],"v":[[772.861,87.615],[764.324,108.395]],"c":false}},"nm":"Path 1","hd":false},{"ty":"st","c":{"a":0,"k":[0.113725490868,0.066666670144,0.105882354081,1]},"o":{"a":0,"k":100},"w":{"a":0,"k":0.5},"lc":1,"lj":1,"ml":10,"bm":0,"nm":"Stroke 1","hd":false},{"ty":"fl","c":{"a":0,"k":[0.384313732386,0.266666680574,0.35686275363,1]},"o":{"a":0,"k":100},"r":1,"bm":0,"nm":"Fill 1","hd":false},{"ty":"tr","p":{"a":0,"k":[0,0]},"a":{"a":0,"k":[0,0]},"s":{"a":0,"k":[100,100]},"r":{"a":0,"k":0},"o":{"a":0,"k":100},"sk":{"a":0,"k":0},"sa":{"a":0,"k":0},"nm":"Transform"}],"nm":"Group 3","bm":0,"hd":false},{"ty":"gr","it":[{"ind":0,"ty":"sh","ks":{"a":0,"k":{"i":[[0,0],[8.854,11.574],[12.547,3.422]],"o":[[0,0],[-6.137,-8.022],[0,0]],"v":[[775.957,131.571],[764,107.965],[736.414,88.719]],"c":false}},"nm":"Path 1","hd":false},{"ty":"st","c":{"a":0,"k":[0.113725490868,0.066666670144,0.105882354081,1]},"o":{"a":0,"k":100},"w":{"a":0,"k":0.5},"lc":1,"lj":1,"ml":10,"bm":0,"nm":"Stroke 1","hd":false},{"ty":"tr","p":{"a":0,"k":[0,0]},"a":{"a":0,"k":[0,0]},"s":{"a":0,"k":[100,100]},"r":{"a":0,"k":0},"o":{"a":0,"k":100},"sk":{"a":0,"k":0},"sa":{"a":0,"k":0},"nm":"Transform"}],"nm":"Group 4","bm":0,"hd":false},{"ty":"gr","it":[{"ind":0,"ty":"sh","ks":{"a":0,"k":{"i":[[0,0],[-1.504,-4.082],[7.735,-41.037],[5.156,-0.645],[42.516,-22.182],[-3.697,-18.177],[-35.14,43.732],[0,0]],"o":[[0,0],[0,0],[0,0],[0,0],[0,0],[0,0],[0,0],[0,0]],"v":[[792.857,78.479],[839.768,103.21],[794.126,143.029],[775.957,131.571],[723.581,119.494],[708.584,146.174],[697.443,78.053],[739.673,83.881]],"c":true}},"nm":"Path 1","hd":false},{"ty":"st","c":{"a":0,"k":[0.113725490868,0.066666670144,0.105882354081,1]},"o":{"a":0,"k":100},"w":{"a":0,"k":0.5},"lc":1,"lj":1,"ml":10,"bm":0,"nm":"Stroke 1","hd":false},{"ty":"fl","c":{"a":0,"k":[0.384313732386,0.266666680574,0.35686275363,1]},"o":{"a":0,"k":100},"r":1,"bm":0,"nm":"Fill 1","hd":false},{"ty":"tr","p":{"a":0,"k":[0,0]},"a":{"a":0,"k":[0,0]},"s":{"a":0,"k":[100,100]},"r":{"a":0,"k":0},"o":{"a":0,"k":100},"sk":{"a":0,"k":0},"sa":{"a":0,"k":0},"nm":"Transform"}],"nm":"Group 5","bm":0,"hd":false},{"ty":"tr","p":{"a":0,"k":[0,0]},"a":{"a":0,"k":[0,0]},"s":{"a":0,"k":[100,100]},"r":{"a":0,"k":0},"o":{"a":0,"k":100},"sk":{"a":0,"k":0},"sa":{"a":0,"k":0},"nm":"Transform"}],"nm":"Group 2","bm":0,"hd":false}],"ip":0,"op":6000,"st":0,"bm":0},{"ddd":0,"ind":7,"ty":4,"nm":"hand 2","sr":1,"ks":{"p":{"a":0,"k":[1018,346,0]},"a":{"a":0,"k":[698,-14,0]}},"ao":0,"shapes":[{"ty":"gr","it":[{"ty":"gr","it":[{"ind":0,"ty":"sh","ks":{"a":0,"k":{"i":[[0,0],[0,0]],"o":[[0.735,12.868],[0,0]],"v":[[694.902,-23.521],[690.858,8.281]],"c":false}},"nm":"Path 1","hd":false},{"ty":"st","c":{"a":0,"k":[0.435294121504,0.156862750649,0.478431373835,1]},"o":{"a":0,"k":100},"w":{"a":0,"k":0.5},"lc":1,"lj":1,"ml":10,"bm":0,"nm":"Stroke 1","hd":false},{"ty":"tr","p":{"a":0,"k":[0,0]},"a":{"a":0,"k":[0,0]},"s":{"a":0,"k":[100,100]},"r":{"a":0,"k":0},"o":{"a":0,"k":100},"sk":{"a":0,"k":0},"sa":{"a":0,"k":0},"nm":"Transform"}],"nm":"Group 1","bm":0,"hd":false},{"ty":"tr","p":{"a":0,"k":[0,0]},"a":{"a":0,"k":[0,0]},"s":{"a":0,"k":[100,100]},"r":{"a":0,"k":0},"o":{"a":0,"k":100},"sk":{"a":0,"k":0},"sa":{"a":0,"k":0},"nm":"Transform"}],"nm":"Group 1","bm":0,"hd":false}],"ip":0,"op":6000,"st":0,"bm":0},{"ddd":0,"ind":8,"ty":4,"nm":"hand","sr":1,"ks":{"r":{"a":1,"k":[{"i":{"x":[0.833],"y":[1]},"o":{"x":[0.333],"y":[0]},"t":48,"s":[0]},{"i":{"x":[0.667],"y":[1]},"o":{"x":[0.167],"y":[0]},"t":58,"s":[-8]},{"t":68,"s":[0]}]},"p":{"a":0,"k":[1018,346,0]},"a":{"a":0,"k":[698,-14,0]}},"ao":0,"shapes":[{"ty":"gr","it":[{"ty":"gr","it":[{"ind":0,"ty":"sh","ks":{"a":0,"k":{"i":[[0,0],[-1.817,2.283],[0,0]],"o":[[0,0],[0,0],[0,0]],"v":[[660.91,-16.44],[662.527,-24.556],[664.95,-21.714]],"c":true}},"nm":"Path 1","hd":false},{"ty":"st","c":{"a":0,"k":[0.435294121504,0.156862750649,0.478431373835,1]},"o":{"a":0,"k":100},"w":{"a":0,"k":0.5},"lc":1,"lj":2,"bm":0,"nm":"Stroke 1","hd":false},{"ty":"fl","c":{"a":0,"k":[0.603921592236,0.247058823705,0.588235318661,1]},"o":{"a":0,"k":100},"r":1,"bm":0,"nm":"Fill 1","hd":false},{"ty":"tr","p":{"a":0,"k":[0,0]},"a":{"a":0,"k":[0,0]},"s":{"a":0,"k":[100,100]},"r":{"a":0,"k":0},"o":{"a":0,"k":100},"sk":{"a":0,"k":0},"sa":{"a":0,"k":0},"nm":"Transform"}],"nm":"Group 2","bm":0,"hd":false},{"ty":"gr","it":[{"ind":0,"ty":"sh","ks":{"a":0,"k":{"i":[[0,0],[4.572,3.048],[14.229,-16.305],[0.106,-0.119],[-4.533,-15.441]],"o":[[-5.857,-3.311],[0,0],[-0.104,0.12],[0,0],[0,0]],"v":[[699.836,-41.18],[677.74,-54.197],[661.014,-16.56],[660.7,-16.202],[691.362,10.045]],"c":false}},"nm":"Path 1","hd":false},{"ty":"st","c":{"a":0,"k":[0.435294121504,0.156862750649,0.478431373835,1]},"o":{"a":0,"k":100},"w":{"a":0,"k":0.5},"lc":1,"lj":2,"bm":0,"nm":"Stroke 1","hd":false},{"ty":"fl","c":{"a":0,"k":[0.874509803922,0.443137254902,0.886274509804,1]},"o":{"a":0,"k":100},"r":1,"bm":0,"nm":"Fill 1","hd":false},{"ty":"tr","p":{"a":0,"k":[0,0]},"a":{"a":0,"k":[0,0]},"s":{"a":0,"k":[100,100]},"r":{"a":0,"k":0},"o":{"a":0,"k":100},"sk":{"a":0,"k":0},"sa":{"a":0,"k":0},"nm":"Transform"}],"nm":"Group 3","bm":0,"hd":false},{"ty":"gr","it":[{"ind":0,"ty":"sh","ks":{"a":0,"k":{"i":[[0,-14.571],[11.087,2.824],[0,14.571],[-10.37,-1.92]],"o":[[0,14.571],[-10.22,-2.603],[0,-14.571],[11.44,2.118]],"v":[[720.421,-15.088],[700.299,11.009],[682.228,-15.088],[701.325,-40.807]],"c":true}},"nm":"Path 1","hd":false},{"ty":"fl","c":{"a":0,"k":[0.874509803922,0.443137254902,0.886274509804,1]},"o":{"a":0,"k":100},"r":1,"bm":0,"nm":"Fill 1","hd":false},{"ty":"tr","p":{"a":0,"k":[0,0]},"a":{"a":0,"k":[0,0]},"s":{"a":0,"k":[100,100]},"r":{"a":0,"k":0},"o":{"a":0,"k":100},"sk":{"a":0,"k":0},"sa":{"a":0,"k":0},"nm":"Transform"}],"nm":"Group 4","bm":0,"hd":false},{"ty":"tr","p":{"a":0,"k":[0,0]},"a":{"a":0,"k":[0,0]},"s":{"a":0,"k":[100,100]},"r":{"a":0,"k":0},"o":{"a":0,"k":100},"sk":{"a":0,"k":0},"sa":{"a":0,"k":0},"nm":"Transform"}],"nm":"Group 1","bm":0,"hd":false},{"ty":"gr","it":[{"ty":"gr","it":[{"ind":0,"ty":"sh","ks":{"a":0,"k":{"i":[[0,0],[-0.545,-11.797]],"o":[[-0.604,0.072],[0,0]],"v":[[620.495,-116.475],[612.398,-104.52]],"c":false}},"nm":"Path 1","hd":false},{"ty":"st","c":{"a":0,"k":[0.372549027205,0.290196090937,0.262745112181,1]},"o":{"a":0,"k":100},"w":{"a":0,"k":1},"lc":1,"lj":1,"ml":10,"bm":0,"nm":"Stroke 1","hd":false},{"ty":"fl","c":{"a":0,"k":[0.976470589638,0.819607853889,0.776470601559,1]},"o":{"a":0,"k":100},"r":1,"bm":0,"nm":"Fill 1","hd":false},{"ty":"tr","p":{"a":0,"k":[0,0]},"a":{"a":0,"k":[0,0]},"s":{"a":0,"k":[100,100]},"r":{"a":0,"k":0},"o":{"a":0,"k":100},"sk":{"a":0,"k":0},"sa":{"a":0,"k":0},"nm":"Transform"}],"nm":"Group 1","bm":0,"hd":false},{"ty":"gr","it":[{"ind":0,"ty":"sh","ks":{"a":0,"k":{"i":[[0,0],[-3.309,14.161],[1.758,-2.546],[2.141,-2.627],[1.955,2.525],[4.653,0.296],[-3.841,-12.287],[2.257,-2.8],[-5.845,-9.157],[1.49,-5.393],[2.474,-2.901],[3.148,0.035],[1.694,-1.264],[-2.99,-1.197],[-5.745,-1.572],[-3.247,0.708]],"o":[[1.295,-3.676],[0.524,-2.243],[-3.765,5.452],[-2.088,2.561],[-6.162,-15.131],[-3.871,0.407],[-8.54,-10.702],[-2.672,3.314],[-9.623,-3.036],[-1.089,3.942],[-0.878,1.03],[-2.727,-0.031],[-1.81,1.351],[4.939,1.978],[3.301,1.148],[0,0]],"v":[[627.006,-99.59],[633.744,-129.414],[627.746,-128.295],[622.33,-117.762],[616.016,-119.115],[603.17,-143.954],[606.075,-120.218],[587.605,-135.948],[597.972,-114.097],[577.696,-117.822],[593.576,-102.12],[587.534,-101.221],[579.023,-100.168],[581.558,-95.641],[603.548,-88.06],[616.433,-87.088]],"c":false}},"nm":"Path 1","hd":false},{"ty":"st","c":{"a":0,"k":[0.372549027205,0.290196090937,0.262745112181,1]},"o":{"a":0,"k":100},"w":{"a":0,"k":1},"lc":1,"lj":1,"ml":10,"bm":0,"nm":"Stroke 1","hd":false},{"ty":"fl","c":{"a":0,"k":[0.976470589638,0.819607853889,0.776470601559,1]},"o":{"a":0,"k":100},"r":1,"bm":0,"nm":"Fill 1","hd":false},{"ty":"tr","p":{"a":0,"k":[0,0]},"a":{"a":0,"k":[0,0]},"s":{"a":0,"k":[100,100]},"r":{"a":0,"k":0},"o":{"a":0,"k":100},"sk":{"a":0,"k":0},"sa":{"a":0,"k":0},"nm":"Transform"}],"nm":"Group 2","bm":0,"hd":false},{"ty":"gr","it":[{"ind":0,"ty":"sh","ks":{"a":0,"k":{"i":[[0,-5.217],[5.568,0],[0,5.217],[-5.568,0]],"o":[[0,5.217],[-5.568,0],[0,-5.217],[5.568,0]],"v":[[627.797,-96.215],[617.715,-86.769],[607.633,-96.215],[617.715,-105.662]],"c":true}},"nm":"Path 1","hd":false},{"ty":"fl","c":{"a":0,"k":[0.976470589638,0.819607853889,0.776470601559,1]},"o":{"a":0,"k":100},"r":1,"bm":0,"nm":"Fill 1","hd":false},{"ty":"tr","p":{"a":0,"k":[0,0]},"a":{"a":0,"k":[0,0]},"s":{"a":0,"k":[100,100]},"r":{"a":0,"k":0},"o":{"a":0,"k":100},"sk":{"a":0,"k":0},"sa":{"a":0,"k":0},"nm":"Transform"}],"nm":"Group 3","bm":0,"hd":false},{"ty":"tr","p":{"a":0,"k":[617.5,-96.5]},"a":{"a":0,"k":[617.5,-96.5]},"s":{"a":0,"k":[100,100]},"r":{"a":1,"k":[{"i":{"x":[0.667],"y":[1]},"o":{"x":[0.333],"y":[0]},"t":20,"s":[0]},{"i":{"x":[0.667],"y":[1]},"o":{"x":[0.333],"y":[0]},"t":30,"s":[13]},{"i":{"x":[0.833],"y":[1]},"o":{"x":[0.167],"y":[0]},"t":40,"s":[0]},{"i":{"x":[0.667],"y":[1]},"o":{"x":[0.333],"y":[0]},"t":99,"s":[0]},{"i":{"x":[0.667],"y":[1]},"o":{"x":[0.333],"y":[0]},"t":109,"s":[13]},{"t":119,"s":[0]}]},"o":{"a":0,"k":100},"sk":{"a":0,"k":0},"sa":{"a":0,"k":0},"nm":"Transform"}],"nm":"Group 2","bm":0,"hd":false},{"ty":"gr","it":[{"ty":"gr","it":[{"ind":0,"ty":"sh","ks":{"a":0,"k":{"i":[[-1.75,-1.504],[-15.982,-17.99],[-5.999,-2.873],[0,0],[5.767,5.807],[17.352,16.552]],"o":[[18.367,15.687],[4.118,4.636],[0,0],[-2.816,-5.798],[-12.865,-12.95],[-1.678,-1.599]],"v":[[606.381,-92.374],[652.663,-36.742],[674.708,-13.142],[682.037,-45.777],[668.849,-63.071],[619.992,-106.073]],"c":true}},"nm":"Path 1","hd":false},{"ty":"st","c":{"a":0,"k":[0.372549027205,0.290196090937,0.262745112181,1]},"o":{"a":0,"k":100},"w":{"a":0,"k":1},"lc":1,"lj":1,"ml":10,"bm":0,"nm":"Stroke 1","hd":false},{"ty":"fl","c":{"a":0,"k":[0.976470589638,0.819607853889,0.776470601559,1]},"o":{"a":0,"k":100},"r":1,"bm":0,"nm":"Fill 1","hd":false},{"ty":"tr","p":{"a":0,"k":[0,0]},"a":{"a":0,"k":[0,0]},"s":{"a":0,"k":[100,100]},"r":{"a":0,"k":0},"o":{"a":0,"k":100},"sk":{"a":0,"k":0},"sa":{"a":0,"k":0},"nm":"Transform"}],"nm":"Group 1","bm":0,"hd":false},{"ty":"tr","p":{"a":0,"k":[0,0]},"a":{"a":0,"k":[0,0]},"s":{"a":0,"k":[100,100]},"r":{"a":0,"k":0},"o":{"a":0,"k":100},"sk":{"a":0,"k":0},"sa":{"a":0,"k":0},"nm":"Transform"}],"nm":"Group 3","bm":0,"hd":false}],"ip":0,"op":6000,"st":0,"bm":0},{"ddd":0,"ind":9,"ty":4,"nm":"leg_02","sr":1,"ks":{"p":{"a":0,"k":[320,360,0]}},"ao":0,"shapes":[{"ty":"gr","it":[{"ty":"gr","it":[{"ind":0,"ty":"sh","ks":{"a":0,"k":{"i":[[4.742,14.849],[21.482,6.845],[-2.519,-18.004],[-16.085,-4.366],[-2.081,14.483],[11.596,3.285]],"o":[[0,0],[0,0],[0,0],[0,0],[0,0],[0,0]],"v":[[845.504,215.717],[810.245,213.336],[797.652,237.292],[856.469,269.093],[882.09,257.607],[871.981,246.11]],"c":true}},"nm":"Path 1","hd":false},{"ty":"st","c":{"a":0,"k":[0.109803922474,0.054901961237,0.039215687662,1]},"o":{"a":0,"k":100},"w":{"a":0,"k":0.75},"lc":1,"lj":2,"bm":0,"nm":"Stroke 1","hd":false},{"ty":"fl","c":{"a":0,"k":[0.188235297799,0.086274512112,0.086274512112,1]},"o":{"a":0,"k":100},"r":1,"bm":0,"nm":"Fill 1","hd":false},{"ty":"tr","p":{"a":0,"k":[0,0]},"a":{"a":0,"k":[0,0]},"s":{"a":0,"k":[100,100]},"r":{"a":0,"k":0},"o":{"a":0,"k":100},"sk":{"a":0,"k":0},"sa":{"a":0,"k":0},"nm":"Transform"}],"nm":"Group 1","bm":0,"hd":false},{"ty":"gr","it":[{"ind":0,"ty":"sh","ks":{"a":0,"k":{"i":[[4.742,14.849],[21.482,6.845],[-2.519,-18.004],[-16.085,-4.366],[-2.081,14.483],[11.596,3.285]],"o":[[0,0],[0,0],[0,0],[0,0],[0,0],[0,0]],"v":[[845.711,220.681],[810.452,218.3],[797.859,242.256],[856.676,274.057],[882.297,262.571],[872.188,251.074]],"c":true}},"nm":"Path 1","hd":false},{"ty":"st","c":{"a":0,"k":[0.258823543787,0.227450981736,0.20000000298,1]},"o":{"a":0,"k":100},"w":{"a":0,"k":0.75},"lc":1,"lj":2,"bm":0,"nm":"Stroke 1","hd":false},{"ty":"fl","c":{"a":0,"k":[0.600000023842,0.57647061348,0.596078455448,1]},"o":{"a":0,"k":100},"r":1,"bm":0,"nm":"Fill 1","hd":false},{"ty":"tr","p":{"a":0,"k":[0,0]},"a":{"a":0,"k":[0,0]},"s":{"a":0,"k":[100,100]},"r":{"a":0,"k":0},"o":{"a":0,"k":100},"sk":{"a":0,"k":0},"sa":{"a":0,"k":0},"nm":"Transform"}],"nm":"Group 2","bm":0,"hd":false},{"ty":"tr","p":{"a":0,"k":[0,0]},"a":{"a":0,"k":[0,0]},"s":{"a":0,"k":[100,100]},"r":{"a":0,"k":0},"o":{"a":0,"k":100},"sk":{"a":0,"k":0},"sa":{"a":0,"k":0},"nm":"Transform"}],"nm":"Group 1","bm":0,"hd":false},{"ty":"gr","it":[{"ind":0,"ty":"sh","ks":{"a":0,"k":{"i":[[0.056,3.241],[28.026,7.232],[-1.08,-5.536],[-17.015,2.026]],"o":[[0,0],[0,0],[0,0],[0,0]],"v":[[859.102,162.761],[811.948,156.978],[811.311,165.394],[857.493,170.39]],"c":true}},"nm":"Path 1","hd":false},{"ty":"st","c":{"a":0,"k":[0.258823543787,0.227450981736,0.20000000298,1]},"o":{"a":0,"k":100},"w":{"a":0,"k":0.75},"lc":1,"lj":2,"bm":0,"nm":"Stroke 1","hd":false},{"ty":"fl","c":{"a":0,"k":[0.600000023842,0.57647061348,0.596078455448,1]},"o":{"a":0,"k":100},"r":1,"bm":0,"nm":"Fill 1","hd":false},{"ty":"tr","p":{"a":0,"k":[0,0]},"a":{"a":0,"k":[0,0]},"s":{"a":0,"k":[100,100]},"r":{"a":0,"k":0},"o":{"a":0,"k":100},"sk":{"a":0,"k":0},"sa":{"a":0,"k":0},"nm":"Transform"}],"nm":"Group 2","bm":0,"hd":false},{"ty":"gr","it":[{"ind":0,"ty":"sh","ks":{"a":0,"k":{"i":[[5.272,-7.908],[12.389,9.49],[-1.071,5.842],[-23.506,4.245]],"o":[[0,0],[0,0],[0,0],[0,0]],"v":[[843.859,218.88],[809.855,215.717],[811.948,156.978],[859.102,162.761]],"c":true}},"nm":"Path 1","hd":false},{"ty":"st","c":{"a":0,"k":[0.435294121504,0.156862750649,0.478431373835,1]},"o":{"a":0,"k":100},"w":{"a":0,"k":0.5},"lc":1,"lj":2,"bm":0,"nm":"Stroke 1","hd":false},{"ty":"fl","c":{"a":0,"k":[0.874509803922,0.443137254902,0.886274509804,1]},"o":{"a":0,"k":100},"r":1,"bm":0,"nm":"Fill 1","hd":false},{"ty":"tr","p":{"a":0,"k":[0,0]},"a":{"a":0,"k":[0,0]},"s":{"a":0,"k":[100,100]},"r":{"a":0,"k":0},"o":{"a":0,"k":100},"sk":{"a":0,"k":0},"sa":{"a":0,"k":0},"nm":"Transform"}],"nm":"Group 3","bm":0,"hd":false},{"ty":"gr","it":[{"ind":0,"ty":"sh","ks":{"a":0,"k":{"i":[[-3.781,-32.919],[3.114,-15.792],[-22.465,17.127],[24.245,15.125],[0,0]],"o":[[0,0],[0,0],[0,0],[0,0],[0,0]],"v":[[794.598,138.071],[811.948,156.978],[859.102,162.761],[851.317,110.268],[832.411,98.924]],"c":true}},"nm":"Path 1","hd":false},{"ty":"st","c":{"a":0,"k":[0.372549027205,0.290196090937,0.262745112181,1]},"o":{"a":0,"k":100},"w":{"a":0,"k":1},"lc":1,"lj":1,"ml":10,"bm":0,"nm":"Stroke 1","hd":false},{"ty":"fl","c":{"a":0,"k":[0.976470589638,0.819607853889,0.776470601559,1]},"o":{"a":0,"k":100},"r":1,"bm":0,"nm":"Fill 1","hd":false},{"ty":"tr","p":{"a":0,"k":[0,0]},"a":{"a":0,"k":[0,0]},"s":{"a":0,"k":[100,100]},"r":{"a":0,"k":0},"o":{"a":0,"k":100},"sk":{"a":0,"k":0},"sa":{"a":0,"k":0},"nm":"Transform"}],"nm":"Group 4","bm":0,"hd":false}],"ip":0,"op":6000,"st":0,"bm":0},{"ddd":0,"ind":10,"ty":4,"nm":"leg_01","sr":1,"ks":{"p":{"a":0,"k":[320,360,0]}},"ao":0,"shapes":[{"ty":"gr","it":[{"ty":"gr","it":[{"ind":0,"ty":"sh","ks":{"a":0,"k":{"i":[[-13.396,27.589],[-7.439,-13.614],[-2.879,-5.816],[14.788,0.49],[2.601,17.354]],"o":[[0,0],[0,0],[0,0],[0,0],[0,0]],"v":[[719.475,219.532],[748.839,221.773],[753.179,249.116],[745.013,268.864],[705.488,256.319]],"c":true}},"nm":"Path 1","hd":false},{"ty":"st","c":{"a":0,"k":[0.109803922474,0.054901961237,0.039215687662,1]},"o":{"a":0,"k":100},"w":{"a":0,"k":0.75},"lc":1,"lj":2,"bm":0,"nm":"Stroke 1","hd":false},{"ty":"fl","c":{"a":0,"k":[0.188235297799,0.086274512112,0.086274512112,1]},"o":{"a":0,"k":100},"r":1,"bm":0,"nm":"Fill 1","hd":false},{"ty":"tr","p":{"a":0,"k":[0,0]},"a":{"a":0,"k":[0,0]},"s":{"a":0,"k":[100,100]},"r":{"a":0,"k":0},"o":{"a":0,"k":100},"sk":{"a":0,"k":0},"sa":{"a":0,"k":0},"nm":"Transform"}],"nm":"Group 1","bm":0,"hd":false},{"ty":"gr","it":[{"ind":0,"ty":"sh","ks":{"a":0,"k":{"i":[[-13.396,27.589],[-7.439,-13.614],[-2.879,-5.816],[14.788,0.49],[2.601,17.354]],"o":[[0,0],[0,0],[0,0],[0,0],[0,0]],"v":[[719.412,223.591],[748.776,225.832],[753.116,253.174],[744.95,272.922],[705.425,260.378]],"c":true}},"nm":"Path 1","hd":false},{"ty":"st","c":{"a":0,"k":[0.258823543787,0.227450981736,0.20000000298,1]},"o":{"a":0,"k":100},"w":{"a":0,"k":0.75},"lc":1,"lj":2,"bm":0,"nm":"Stroke 1","hd":false},{"ty":"fl","c":{"a":0,"k":[0.600000023842,0.57647061348,0.596078455448,1]},"o":{"a":0,"k":100},"r":1,"bm":0,"nm":"Fill 1","hd":false},{"ty":"tr","p":{"a":0,"k":[0,0]},"a":{"a":0,"k":[0,0]},"s":{"a":0,"k":[100,100]},"r":{"a":0,"k":0},"o":{"a":0,"k":100},"sk":{"a":0,"k":0},"sa":{"a":0,"k":0},"nm":"Transform"}],"nm":"Group 2","bm":0,"hd":false},{"ty":"tr","p":{"a":0,"k":[0,0]},"a":{"a":0,"k":[0,0]},"s":{"a":0,"k":[100,100]},"r":{"a":0,"k":0},"o":{"a":0,"k":100},"sk":{"a":0,"k":0},"sa":{"a":0,"k":0},"nm":"Transform"}],"nm":"Group 1","bm":0,"hd":false},{"ty":"gr","it":[{"ind":0,"ty":"sh","ks":{"a":0,"k":{"i":[[-14.711,1.936],[2.276,-2.529],[5.984,6.068],[-1.517,2.529]],"o":[[0,0],[0,0],[0,0],[0,0]],"v":[[769.911,166.415],[766.287,176.529],[712.598,171.472],[713.063,162.393]],"c":true}},"nm":"Path 1","hd":false},{"ty":"st","c":{"a":0,"k":[0.258823543787,0.227450981736,0.20000000298,1]},"o":{"a":0,"k":100},"w":{"a":0,"k":0.75},"lc":1,"lj":2,"bm":0,"nm":"Stroke 1","hd":false},{"ty":"fl","c":{"a":0,"k":[0.600000023842,0.57647061348,0.596078455448,1]},"o":{"a":0,"k":100},"r":1,"bm":0,"nm":"Fill 1","hd":false},{"ty":"tr","p":{"a":0,"k":[0,0]},"a":{"a":0,"k":[0,0]},"s":{"a":0,"k":[100,100]},"r":{"a":0,"k":0},"o":{"a":0,"k":100},"sk":{"a":0,"k":0},"sa":{"a":0,"k":0},"nm":"Transform"}],"nm":"Group 2","bm":0,"hd":false},{"ty":"gr","it":[{"ind":0,"ty":"sh","ks":{"a":0,"k":{"i":[[7.861,-15.035],[6.486,-12.629],[-0.831,20.143],[-29.988,3.474]],"o":[[0,0],[0,0],[0,0],[0,0]],"v":[[748.134,222.635],[720.422,227.246],[712.515,164.998],[766.886,170.781]],"c":true}},"nm":"Path 1","hd":false},{"ty":"st","c":{"a":0,"k":[0.435294121504,0.156862750649,0.478431373835,1]},"o":{"a":0,"k":100},"w":{"a":0,"k":0.5},"lc":1,"lj":2,"bm":0,"nm":"Stroke 1","hd":false},{"ty":"fl","c":{"a":0,"k":[0.874509803922,0.443137254902,0.886274509804,1]},"o":{"a":0,"k":100},"r":1,"bm":0,"nm":"Fill 1","hd":false},{"ty":"tr","p":{"a":0,"k":[0,0]},"a":{"a":0,"k":[0,0]},"s":{"a":0,"k":[100,100]},"r":{"a":0,"k":0},"o":{"a":0,"k":100},"sk":{"a":0,"k":0},"sa":{"a":0,"k":0},"nm":"Transform"}],"nm":"Group 3","bm":0,"hd":false},{"ty":"gr","it":[{"ind":0,"ty":"sh","ks":{"a":0,"k":{"i":[[-15.846,16.163],[26.313,11.863],[-1.599,-50.564],[3.634,-16.163]],"o":[[0,0],[0,0],[0,0],[0,0]],"v":[[766.886,170.781],[762.816,113.841],[707.573,144.683],[712.515,164.998]],"c":true}},"nm":"Path 1","hd":false},{"ty":"st","c":{"a":0,"k":[0.372549027205,0.290196090937,0.262745112181,1]},"o":{"a":0,"k":100},"w":{"a":0,"k":1},"lc":1,"lj":1,"ml":10,"bm":0,"nm":"Stroke 1","hd":false},{"ty":"fl","c":{"a":0,"k":[0.976470589638,0.819607853889,0.776470601559,1]},"o":{"a":0,"k":100},"r":1,"bm":0,"nm":"Fill 1","hd":false},{"ty":"tr","p":{"a":0,"k":[0,0]},"a":{"a":0,"k":[0,0]},"s":{"a":0,"k":[100,100]},"r":{"a":0,"k":0},"o":{"a":0,"k":100},"sk":{"a":0,"k":0},"sa":{"a":0,"k":0},"nm":"Transform"}],"nm":"Group 4","bm":0,"hd":false}],"ip":0,"op":6000,"st":0,"bm":0}]}],"layers":[{"ddd":0,"ind":1,"ty":4,"nm":"Layer 2","parent":2,"sr":1,"ks":{"p":{"a":0,"k":[599.5,253.5,0]}},"ao":0,"shapes":[{"ty":"gr","it":[{"ty":"gr","it":[{"ind":0,"ty":"sh","ks":{"a":0,"k":{"i":[[0,0],[0,0],[0,0],[0,0]],"o":[[0,0],[0,0],[0,0],[0,0]],"v":[[516.379,164.179],[390.046,200.703],[394.748,209.266],[517.713,178.291]],"c":true}},"nm":"Path 1","hd":false},{"ty":"fl","c":{"a":0,"k":[0.172549024224,0.172549024224,0.172549024224,1]},"o":{"a":0,"k":100},"r":1,"bm":0,"nm":"Fill 1","hd":false},{"ty":"tr","p":{"a":0,"k":[0,0]},"a":{"a":0,"k":[0,0]},"s":{"a":0,"k":[100,100]},"r":{"a":0,"k":0},"o":{"a":0,"k":100},"sk":{"a":0,"k":0},"sa":{"a":0,"k":0},"nm":"Transform"}],"nm":"Group 1","bm":0,"hd":false},{"ty":"gr","it":[{"ind":0,"ty":"sh","ks":{"a":0,"k":{"i":[[0,0],[62.546,-33.006],[0,0],[-45.564,59.407]],"o":[[-33.321,62.003],[0,0],[53.98,-42.784],[0,0]],"v":[[531.857,77.843],[394.554,209.266],[390.046,201.111],[527.886,49.253]],"c":true}},"nm":"Path 1","hd":false},{"ty":"fl","c":{"a":0,"k":[0.172549024224,0.172549024224,0.172549024224,1]},"o":{"a":0,"k":100},"r":1,"bm":0,"nm":"Fill 1","hd":false},{"ty":"tr","p":{"a":0,"k":[0,0]},"a":{"a":0,"k":[0,0]},"s":{"a":0,"k":[100,100]},"r":{"a":0,"k":0},"o":{"a":0,"k":100},"sk":{"a":0,"k":0},"sa":{"a":0,"k":0},"nm":"Transform"}],"nm":"Group 2","bm":0,"hd":false},{"ty":"tr","p":{"a":0,"k":[0,0]},"a":{"a":0,"k":[0,0]},"s":{"a":0,"k":[100,100]},"r":{"a":0,"k":0},"o":{"a":0,"k":100},"sk":{"a":0,"k":0},"sa":{"a":0,"k":0},"nm":"Transform"}],"nm":"Group 1","bm":0,"hd":false},{"ty":"gr","it":[{"ty":"gr","it":[{"ind":0,"ty":"sh","ks":{"a":0,"k":{"i":[[0,0],[0,0],[0,0],[0,0]],"o":[[0,0],[0,0],[0,0],[0,0]],"v":[[390.092,200.712],[406.003,203.637],[404.359,232.895],[388.169,216.924]],"c":true}},"nm":"Path 1","hd":false},{"ty":"fl","c":{"a":0,"k":[1,0.678431391716,0,1]},"o":{"a":0,"k":100},"r":1,"bm":0,"nm":"Fill 1","hd":false},{"ty":"tr","p":{"a":0,"k":[0,0]},"a":{"a":0,"k":[0,0]},"s":{"a":0,"k":[100,100]},"r":{"a":0,"k":0},"o":{"a":0,"k":100},"sk":{"a":0,"k":0},"sa":{"a":0,"k":0},"nm":"Transform"}],"nm":"Group 1","bm":0,"hd":false},{"ty":"tr","p":{"a":0,"k":[0,0]},"a":{"a":0,"k":[0,0]},"s":{"a":0,"k":[100,100]},"r":{"a":0,"k":0},"o":{"a":0,"k":100},"sk":{"a":0,"k":0},"sa":{"a":0,"k":0},"nm":"Transform"}],"nm":"Group 2","bm":0,"hd":false}],"ip":0,"op":6000,"st":0,"bm":0},{"ddd":0,"ind":2,"ty":0,"nm":"Ch_02","refId":"comp_0","sr":1,"ks":{"p":{"a":0,"k":[-207.5,262.5,0]},"a":{"a":0,"k":[640,360,0]}},"ao":0,"w":1280,"h":720,"ip":0,"op":6000,"st":0,"bm":0}],"markers":[]}