{"v":"5.8.1","fr":24,"ip":0,"op":119,"w":1280,"h":720,"nm":"SB_19_Scene_45_asset 3","ddd":0,"assets":[],"layers":[{"ddd":0,"ind":1,"ty":4,"nm":"Shape Layer 2","sr":1,"ks":{"p":{"a":0,"k":[1055.173,435.51,0]},"a":{"a":0,"k":[29.423,-174.24,0]}},"ao":0,"shapes":[{"ty":"gr","it":[{"ind":0,"ty":"sh","ks":{"a":1,"k":[{"i":{"x":0.667,"y":1},"o":{"x":0.167,"y":0},"t":55,"s":[{"i":[[-1.611,-11.839],[-13.034,1.586],[-1.716,-12.618],[13.034,-1.586]],"o":[[-2.228,-10.609],[13.036,-1.585],[-1.611,-11.839],[-13.036,1.585]],"v":[[-37.943,-171.284],[-17.539,-195.539],[9.261,-177.024],[-17.259,-195.59]],"c":true}]},{"i":{"x":0.833,"y":1},"o":{"x":0.333,"y":0},"t":60,"s":[{"i":[[-1.611,-11.839],[-13.034,1.586],[1.612,11.839],[13.034,-1.586]],"o":[[1.612,11.839],[13.036,-1.585],[-1.611,-11.839],[-13.036,1.585]],"v":[[-37.943,-171.284],[-11.422,-152.717],[9.261,-177.024],[-17.259,-195.59]],"c":true}]},{"t":65,"s":[{"i":[[-1.611,-11.839],[-13.034,1.586],[-1.716,-12.618],[13.034,-1.586]],"o":[[-2.228,-10.609],[13.036,-1.585],[-1.611,-11.839],[-13.036,1.585]],"v":[[-37.943,-171.284],[-17.539,-195.539],[9.261,-177.024],[-17.259,-195.59]],"c":true}]}]},"nm":"Path 1","hd":false},{"ty":"st","c":{"a":0,"k":[0.309803932905,0.203921571374,0.098039217293,1]},"o":{"a":0,"k":100},"w":{"a":0,"k":1},"lc":1,"lj":1,"ml":10,"bm":0,"nm":"Stroke 1","hd":false},{"ty":"fl","c":{"a":0,"k":[0.984313726425,0.827450990677,0.780392169952,1]},"o":{"a":0,"k":100},"r":1,"bm":0,"nm":"Fill 1","hd":false},{"ty":"tr","p":{"a":0,"k":[10.5,-174.5]},"a":{"a":0,"k":[-15,-174]},"s":{"a":0,"k":[35,41.638]},"r":{"a":0,"k":0},"o":{"a":0,"k":100},"sk":{"a":0,"k":0},"sa":{"a":0,"k":0},"nm":"Transform"}],"nm":"Group 5","bm":0,"hd":false},{"ty":"gr","it":[{"ind":0,"ty":"sh","ks":{"a":1,"k":[{"i":{"x":0.667,"y":1},"o":{"x":0.167,"y":0},"t":55,"s":[{"i":[[-0.048,-11.949],[13.188,-0.247],[0.444,-12.304],[-13.188,0.247]],"o":[[0.603,-11.306],[-13.19,0.248],[-0.048,-11.949],[13.19,-0.248]],"v":[[96.971,-174.766],[72.868,-195.914],[49.21,-173.87],[73.005,-195.953]],"c":true}]},{"i":{"x":0.833,"y":1},"o":{"x":0.333,"y":0},"t":60,"s":[{"i":[[-0.048,-11.949],[13.188,-0.247],[0.046,11.948],[-13.188,0.247]],"o":[[0.046,11.948],[-13.19,0.248],[-0.048,-11.949],[13.19,-0.248]],"v":[[96.971,-174.766],[73.174,-152.684],[49.21,-173.87],[73.005,-195.953]],"c":true}]},{"t":65,"s":[{"i":[[-0.048,-11.949],[13.188,-0.247],[0.444,-12.304],[-13.188,0.247]],"o":[[0.603,-11.306],[-13.19,0.248],[-0.048,-11.949],[13.19,-0.248]],"v":[[96.971,-174.766],[72.868,-195.914],[49.21,-173.87],[73.005,-195.953]],"c":true}]}]},"nm":"Path 1","hd":false},{"ty":"st","c":{"a":0,"k":[0.309803932905,0.203921571374,0.098039217293,1]},"o":{"a":0,"k":100},"w":{"a":0,"k":1},"lc":1,"lj":1,"ml":10,"bm":0,"nm":"Stroke 1","hd":false},{"ty":"fl","c":{"a":0,"k":[0.984313726425,0.827450990677,0.780392169952,1]},"o":{"a":0,"k":100},"r":1,"bm":0,"nm":"Fill 1","hd":false},{"ty":"tr","p":{"a":0,"k":[48.625,-175]},"a":{"a":0,"k":[74,-175]},"s":{"a":0,"k":[35,39.516]},"r":{"a":0,"k":0},"o":{"a":0,"k":100},"sk":{"a":0,"k":0},"sa":{"a":0,"k":0},"nm":"Transform"}],"nm":"Group 6","bm":0,"hd":false}],"ip":0,"op":900,"st":0,"bm":0}],"markers":[]}